Name,EloRating,match_number
Roger Federer,2182,156
Novak Djokovic,2142,178
Andy Murray,2121,153
Rafael Nadal,2114,175
Nikolay Davydenko,2090,154
Juan Martin Del Potro,2085,137
Andy Roddick,2070,132
Robin Soderling,2067,139
Fernando Verdasco,2003,151
David Nalbandian,1986,82
Gael Monfils,1977,116
Jo Wilfried Tsonga,1977,124
Fernando Gonzalez,1970,114
Lleyton Hewitt,1970,85
Radek Stepanek,1957,129
Marin Cilic,1949,133
Tommy Haas,1947,84
Gilles Simon,1936,152
Stanislas Wawrinka,1930,115
Mario Ancic,1927,72
David Ferrer,1923,137
Juan Carlos Ferrero,1922,95
Sam Querrey,1912,115
Mikhail Youzhny,1905,128
Marcos Baghdatis,1900,89
Tomas Berdych,1889,131
Nicolas Kiefer,1889,77
Tommy Robredo,1881,131
Philipp Kohlschreiber,1880,121
Janko Tipsarevic,1878,122
James Blake,1875,117
Ivan Ljubicic,1875,109
Juan Monaco,1871,118
Mardy Fish,1869,94
Richard Gasquet,1867,94
Ivo Karlovic,1857,103
Jurgen Melzer,1850,134
Potito Starace,1850,137
Feliciano Lopez,1847,104
Nicolas Almagro,1842,107
Marat Safin,1840,89
Joachim Johansson,1836,15
Andreas Seppi,1836,127
Viktor Troicki,1828,137
Dmitry Tursunov,1827,101
Benjamin Becker,1825,131
Fabrice Santoro,1823,95
Kristof Vliegen,1821,109
Juan Ignacio Chela,1817,96
Thomaz Bellucci,1816,143
Xavier Malisse,1815,109
Yen Hsun Lu,1810,136
Albert Montanes,1807,122
Pablo Cuevas,1806,143
Simon Greul,1805,153
Robin Haase,1804,55
Paul Henri Mathieu,1803,116
Sebastien Grosjean,1802,36
Florian Mayer,1802,98
Fabio Fognini,1800,119
Ernests Gulbis,1798,101
Jarkko Nieminen,1797,110
Victor Hanescu,1797,117
Kei Nishikori,1797,65
Rui Machado,1796,135
Marc Gicquel,1794,115
Nicolas Lapentti,1792,118
Jan Hajek,1792,85
Alejandro Falla,1791,117
Robby Ginepri,1791,94
John Isner,1791,115
Michael Llodra,1790,92
Stephane Robert,1789,129
Niels Desein,1788,132
Simone Bolelli,1788,115
Jose Acasuso,1787,98
Marco Chiudinelli,1787,84
Igor Kunitsyn,1786,124
Carlos Moya,1784,57
Evgeny Korolev,1784,127
Lukas Lacko,1784,138
Younes El Aynaoui,1782,34
Peter Luczak,1781,134
Pere Riba,1780,170
David Guez,1778,152
Ivo Minar,1776,118
Daniel Koellerer,1776,139
Jorge Aguilar,1774,115
Jan Hernych,1774,117
Julio Silva,1773,125
Eduardo Schwank,1772,126
Julien Benneteau,1769,119
Taylor Dent,1768,67
Marcos Daniel,1768,111
Frederico Gil,1764,142
Igor Andreev,1764,136
Olivier Rochus,1763,129
Michael Russell,1763,111
Lamine Ouahab,1763,134
Dudi Sela,1763,120
Andreas Beck,1763,140
Steve Darcis,1762,117
Nicolas Mahut,1758,97
Daniel Gimeno Traver,1757,153
Attila Balazs,1756,123
Tomas Tenconi,1755,115
Oscar Hernandez,1755,142
Hyung Taik Lee,1755,59
Florent Serra,1755,135
Victor Crivoi,1755,126
Paolo Lorenzi,1755,155
Jose De Armas,1754,112
Jeremy Chardy,1754,125
Martin Vassallo Arguello,1753,113
Filippo Volandri,1752,97
Yannick Mertens,1749,153
Michael Berrer,1748,128
Horacio Zeballos,1748,145
Alexander Waske,1746,8
Sergiy Stakhovsky,1746,147
Christophe Rochus,1745,144
Leandro Migani,1744,137
Santiago Ventura,1743,144
Martin Fischer,1743,141
Aljaz Bedene,1741,73
Rainer Schuettler,1741,112
Thiemo De Bakker,1740,115
Somdev Devvarman,1740,111
Marsel Ilhan,1739,138
Nicolas Devilder,1738,103
Karol Beck,1738,114
Adrian Mannarino,1736,144
Marcel Granollers,1736,147
Santiago Giraldo,1735,142
Eric Prodon,1735,111
Thierry Ascione,1734,117
Victor Ionita,1733,127
Alberto Martin,1731,152
Mikhail Kukushkin,1730,124
Jonas Bjorkman,1730,30
Matthew Ebden,1730,121
Young Jun Kim,1729,94
Arnaud Clement,1728,109
Ramon Delgado,1727,87
Andrey Golubev,1726,131
Roberto Bautista Agut,1725,141
Stephane Bohli,1724,132
Alexandre Bonatto,1724,150
Thomas Johansson,1723,47
Johannes Ager,1723,50
Wayne Odesnik,1721,130
Julian Reister,1721,121
Robin Vik,1720,59
Daniel Brands,1719,143
Frank Dancevic,1719,99
Juan Pablo Amado,1719,166
Nicolas Coutelot,1718,49
Alexey Kedryuk,1718,104
Michal Przysiezny,1718,86
Victor Estrella,1718,129
Maximo Gonzalez,1718,115
Noam Okun,1718,84
Guillaume Rufin,1716,82
Eric Taino,1716,2
Carsten Ball,1715,131
Jamie Baker,1714,96
Adrian Menendez Maceiras,1713,117
Josselin Ouanna,1713,130
Pedro Clar Rossello,1712,150
Bobby Reynolds,1712,104
Carlos Salamanca,1712,95
Uladzimir Ignatik,1712,141
Michal Tabara,1711,50
Karim Maamoun,1711,112
Gaston Gaudio,1711,46
Alexandr Dolgopolov,1710,83
Guido Pella,1710,99
Philipp Petzschner,1710,113
Jose Checa Calvo,1710,153
Guillermo Canas,1710,82
Martin Klizan,1709,101
Mathieu Montcourt,1709,104
Philipp Oswald,1709,119
Alexander Peya,1709,114
Lukasz Kubot,1708,117
Vasek Pospisil,1708,93
Denis Gremelmayr,1708,102
Mohammad Ghareeb,1708,60
Pavol Cervenak,1707,109
Alejandro Gonzalez,1707,105
Jesse Witten,1707,114
Vincent Millot,1706,106
Robert Kendrick,1706,132
Teymuraz Gabashvili,1706,152
Nikola Mektic,1706,110
Andreas Haider Maurer,1705,122
Yuichi Sugita,1704,119
Marcel Felder,1704,133
Denis Istomin,1704,152
Nicolas Massu,1704,153
Bastian Knittel,1704,115
Goran Tosic,1704,95
Matteo Marrai,1703,106
Ruben Bemelmans,1703,119
Agustin Calleri,1702,68
Ricardo Hocevar,1702,141
Luigi Dagord,1702,80
Bob Bryan,1701,2
Jesse Levine,1701,130
Mischa Zverev,1701,110
Bjorn Phau,1701,135
Harel Levy,1701,124
Andrei Mlendea,1701,126
Ricardo Mello,1700,104
Michael Lammer,1699,113
Ryan Sweeting,1698,119
Sebastien De Chaunac,1698,131
Daniel King Turner,1698,147
Dominik Meffert,1697,106
Leonardo Mayer,1697,125
Antonio Veic,1696,118
Guillermo Garcia Lopez,1696,127
Albert Ramos,1696,145
Joao Souza,1695,124
Evgeny Kirillov,1695,93
Arnau Brugues Davi,1695,53
Daniel Dutra Da Silva,1695,83
Jan Mertl,1694,98
Kevin Kim,1694,156
Andrea Arnaboldi,1693,135
Raemon Sluiter,1693,42
Antonio Pastorino,1692,70
Peter Gojowczyk,1692,122
Amer Delic,1691,101
Jean Rene Lisnard,1691,108
Michael Mcclune,1691,107
John Millman,1691,100
Paul Capdeville,1691,124
Gabriel Moraru,1690,127
Frederik Nielsen,1690,116
Julio Peralta,1689,27
Lars Poerschke,1689,73
Jerzy Janowicz,1689,102
Donald Young,1689,110
Simone Vagnozzi,1687,127
Reda El Amrani,1687,92
Leonardo Kirche,1687,117
Henri Kontinen,1687,60
Yuki Bhambri,1687,43
Ivan Sergeyev,1686,115
Teodor Dacian Craciun,1686,96
Gilles Muller,1684,78
Kevin Anderson,1684,144
Pablo Santos,1683,117
Marinko Matosevic,1683,129
Jesse Huta Galung,1683,114
Juan Pablo Villar,1683,131
Ivan Miranda,1683,95
Javier Genaro Martinez,1683,101
Alexander Satschko,1682,86
Adrian Ungur,1681,99
Gero Kretschmer,1680,97
Brydan Klein,1680,120
Michel Koning,1678,78
Gustavo Kuerten,1678,6
Luis Horna,1678,76
Danai Udomchoke,1677,123
Edouard Roger Vasselin,1677,125
Francesco Aldi,1677,90
Stefan Koubek,1676,83
Rik De Voest,1676,131
Rajeev Ram,1675,125
Colin Fleming,1675,56
Richard Bloomfield,1675,106
Sam Warburg,1675,78
Juan Martin Aranguren,1674,150
Carlos Berlocq,1674,74
Fernando Romboli,1674,122
Chris Guccione,1673,110
Filip Prpic,1673,93
Takao Suzuki,1673,39
Jimmy Wang,1673,8
Andrey Kuznetsov,1672,58
Peter Polansky,1672,115
Ilija Bozoljac,1671,121
Davide Sanguinetti,1671,8
Tatsuma Ito,1671,134
Pablo Galdon,1670,79
Antony Dupuis,1670,51
Andrei Pavel,1670,13
Andreas Vinciguerra,1669,26
Guillermo Hormazabal,1668,84
Grega Zemlja,1668,140
Kyu Tae Im,1668,109
Artem Sitak,1668,133
Illya Marchenko,1668,119
Dieter Kindlmann,1668,125
Pablo Andujar,1668,142
Gabriel Trujillo Soler,1668,114
Andre Begemann,1667,98
Andrea Stoppini,1667,118
Marc Sieber,1667,119
Rogerio Dutra Silva,1666,95
Juan Pablo Brzezicki,1666,116
Charles Antoine Brezac,1666,57
Andre Miele,1666,115
Kamil Capkovic,1665,132
Alexander Flock,1665,132
Adam Kellner,1665,95
Louk Sorensen,1665,83
Shao Xuan Zeng,1665,59
Ivan Navarro,1665,147
Ti Chen,1664,99
Haithem Abid,1664,41
Laurent Recouderc,1664,138
Janez Semrajc,1663,97
Jiri Vanek,1663,120
Vladimir Voltchkov,1663,14
Dominik Hrbaty,1662,109
Ivan Dodig,1661,97
Benedikt Dorsch,1661,95
Timo Nieminen,1661,116
Yuri Schukin,1660,114
Sergio Gutierrez Ferrol,1660,133
Go Soeda,1660,122
Frederic Niemeyer,1660,64
Pavel Snobel,1659,106
Theodoros Angelinos,1659,43
Tsung Hua Yang,1659,85
Michael Yani,1659,126
Jean Yves Aubone,1659,31
Adrian Garcia,1658,54
Talal Ouahabi,1658,71
Martin Alund,1658,107
Dusan Lojda,1657,128
Juan Sebastian Cabal,1657,74
Guillermo Olaso,1657,158
Stefano Galvani,1657,104
Augustin Gensse,1656,84
Franco Ferreiro,1656,100
Tiago Lopes,1655,130
Alexandre Sidorenko,1655,123
James Lemke,1655,101
Eladio Ribeiro Neto,1655,118
Aldin Setkic,1655,115
Benjamin Balleret,1655,118
Lukas Rosol,1655,125
Daniel Evans,1655,98
Colin Ebelthite,1654,102
Guillermo Alcaide,1654,106
Brian Dabul,1654,130
Diego Hartfield,1654,61
Kristijan Mesaros,1653,110
Roko Karanusic,1653,122
Conor Niland,1653,130
Alex Bogdanovic,1653,127
Tobias Clemens,1652,40
Tobias Kamke,1652,103
Adam Chadaj,1652,43
Catalin Ionut Gard,1652,101
Thomas Schoorel,1651,72
Marcelo Demoliner,1651,109
Lester Cook,1651,117
Lionel Noviski,1650,75
Caio Zampieri,1650,99
Jonathan Dasnieres De Veigy,1649,120
Alexander Kudryavtsev,1649,115
Daniele Giorgini,1649,68
Jean Christophe Faurel,1649,68
James Ward,1648,123
Blaz Kavcic,1648,127
Andrey Kumantsov,1647,120
Malek Jaziri,1647,83
Flavio Cipolla,1647,127
Sascha Kloer,1646,41
Alejandro Fabbri,1646,147
Grigor Dimitrov,1646,85
Pierre Ludovic Duclos,1646,104
Petar Jelenic,1646,70
Dustin Brown,1645,115
Diego Alvarez,1645,133
Sherif Sabry,1645,81
Ruben Ramirez Hidalgo,1645,162
Facundo Bagnis,1645,113
Daniel Munoz De La Nava,1644,122
Miguel Gallardo Valles,1644,107
Valery Rudnev,1644,125
Thomas Fabbiano,1643,80
Rodrigo Guidolin,1643,98
Nathan Thompson,1643,87
Rabie Chaki,1643,86
Bohdan Ulihrach,1643,26
Michael Ryderstedt,1642,71
Piero Luisi,1642,70
Milos Raonic,1642,68
Leonardo Tavares,1641,89
Marius Copil,1641,79
Alexander Sadecky,1641,104
Igor Sijsling,1641,73
Marco Mirnegg,1640,56
Bartolome Salva Vidal,1640,25
Ryan Harrison,1640,55
Nikola Ciric,1640,93
Inigo Cervantes Huegun,1640,134
Xavier Pujo,1640,32
Robin Roshardt,1639,57
Matteo Viola,1639,131
Guillermo Rivera Aranguiz,1639,65
Marc Fornell Mestres,1639,108
David Goffin,1639,93
Jeroen Masson,1639,72
Mathieu Rodrigues,1638,145
Jose Rubin Statham,1638,130
Dick Norman,1638,55
Greg Jones,1637,127
Martin Verkerk,1637,35
Kornel Bardoczky,1637,88
Frederic Jeanclaude,1637,94
Massimo Dellacqua,1637,73
Nick Lindahl,1637,102
Adrians Zguns,1637,54
Petru Alexandru Luncanu,1636,110
Cristian Villagran,1636,68
Jonathan Gonzalia,1636,86
Morgan Phillips,1635,65
David Savic,1635,135
Josh Goodall,1635,69
Jan Minar,1634,100
Gorka Fraile,1634,27
Daniele Bracciali,1634,64
Santiago Gonzalez,1633,107
Jaak Poldma,1633,17
Alberto Brizzi,1633,96
Thiago Alves,1633,130
Boris Pashanski,1633,112
Dusan Vemic,1632,72
Maxime Authom,1632,77
Hiroki Kondo,1632,88
Giancarlo Petrazzuolo,1632,101
Benoit Paire,1632,117
Robert Smeets,1631,108
Wesley Moodie,1631,14
Ricardas Berankis,1631,84
Agustin Picco,1630,104
Mariano Zabaleta,1630,47
Scoville Jenkins,1630,109
Jose Antonio Sanchez De Luna,1630,92
Federico Luzzi,1630,14
Ryler Deheart,1629,100
Rafael Arevalo,1629,57
Mislav Hizak,1629,60
Brendan Evans,1628,133
Giovanni Lapentti,1628,106
Walter Trusendi,1628,95
Marc Lopez,1628,76
Dylan Seong Kwan Kim,1628,35
Romain Jouan,1627,83
Raven Klaasen,1627,79
Greg Ouellette,1627,83
Lukas Dlouhy,1627,73
Gyorgy Balazs,1627,77
Deniss Pavlovs,1626,119
Gouichi Motomura,1626,62
Diego Veronelli,1626,38
Filip Krajinovic,1626,67
Hans Podlipnik Castillo,1626,94
Dennis Bloemke,1626,58
Pierre Metenier,1625,139
Aleksander Slovic,1625,91
Stian Boretti,1625,23
Alexandros Jakupovic,1625,130
Cecil Mamiit,1624,62
Thomas Oger,1624,97
Rohan Bopanna,1624,59
Daniel Garza,1624,83
Juan Manuel Valverde,1624,130
Ivo Klec,1623,103
Nathan Healey,1623,29
Junn Mitsuhashi,1623,106
Vasilis Mazarakis,1623,23
Martin Pedersen,1623,60
Satoshi Iwabuchi,1623,51
Murad Inoyatov,1623,85
Claudio Grassi,1622,144
Ilya Belyaev,1622,107
Bruno Rodriguez,1622,96
Franco Skugor,1622,60
Mariano Puerta,1622,76
Andrei Gorban,1622,81
Matwe Middelkoop,1622,107
Artem Smirnov,1621,91
Marcelo Arevalo,1621,60
Hiroki Moriya,1621,68
Laurent Rochette,1621,87
Alex Kuznetsov,1620,99
Konstantin Kravchuk,1620,92
Adam El Mihdawy,1620,92
Diego Junqueira,1619,137
Luka Gregorc,1619,88
Federico Delbonis,1618,87
Cristobal Saavedra Corvalan,1618,88
Ivan Endara,1618,100
Alexander Domijan,1617,53
Tim Smyczek,1616,82
Samuel Groth,1616,100
Oliver Marach,1616,52
Yong Kyu Lim,1616,68
Carlos Avellan,1615,106
Philip Bester,1615,66
Gianluca Naso,1615,85
Eric Gomes,1615,103
Nicolas Todero,1614,66
Julio Cesar Campozano,1614,93
Jiri Skoloudik,1614,110
David Marrero,1614,124
Bassam Beidas,1614,19
Gregoire Burquier,1614,116
Riccardo Ghedin,1614,116
Predrag Rusevski,1613,51
Julien Jeanpierre,1613,79
Bruno Echagaray,1613,72
Ivaylo Traykov,1613,59
Nick Van Der Meer,1613,55
Chu Huan Yi,1612,61
Andrej Martin,1612,122
Sergio Roitman,1612,113
Flavio Saretta,1612,26
Giulio Di Meo,1612,46
Stephen Bass,1612,77
Victor Romero,1612,63
Aisam Ul Haq Qureshi,1611,66
Denys Molchanov,1611,106
Yuichi Ito,1611,113
Peter Wessels,1610,23
Leonardo Azzaro,1610,65
Andres Molteni,1610,119
Blazej Koniusz,1610,53
Jurgen Zopp,1610,103
Mauricio Echazu,1610,109
Andrew Coelho,1610,88
Cesar Ramirez,1609,70
Pedro Sousa,1608,65
Yohny Romero,1608,67
Dawid Olejniczak,1608,75
Agustin Boje Ordonez,1608,120
Jhonson Garcia,1608,10
Stefan Wauters,1608,40
Yannick Vandenbulcke,1607,70
Jaroslav Pospisil,1606,105
Kaden Hensel,1606,66
Andis Juska,1606,98
Max Mirnyi,1606,27
Prakash Amritraj,1605,110
Andrew Anderson,1605,28
Blake Strode,1605,37
Jhonnatan Medina Alvarez,1605,25
Nils Langer,1604,79
Miguel Angel Lopez Jaen,1604,141
Jan Lennard Struff,1604,32
Valentin Sanon,1604,65
Farrukh Dustov,1604,57
Zack Fleishman,1604,20
David Diaz Ventura,1604,71
Andre Ghem,1603,56
Mounir El Aarej,1603,47
Andoni Vivanco Guzman,1603,122
Matt Bocko,1603,65
Olivier Patience,1602,99
Jack Sock,1602,12
Sebastian Decoud,1602,125
Marko Tkalec,1601,59
Carlos Oliveira,1601,67
Tony Holzinger,1601,25
Joao Sousa,1601,105
Francesco Piccari,1600,126
Adam Vejmelka,1600,114
Daniel Smethurst,1600,75
Vishnu Vardhan,1600,81
Alex Bogomolov Jr,1600,91
Adrian Cruciat,1600,80
Matthias Bachinger,1599,121
Bernard Tomic,1599,44
Bryan Koniecko,1598,23
Todd Reid,1598,16
Bogdan Leonte,1598,117
Boy Westerhof,1597,98
Alessio Di Mauro,1597,81
Ignacio Coll Riudavets,1597,154
Marin Bradaric,1597,85
Bjorn Rehnquist,1596,81
Kevin Deden,1596,94
Rafael Camilo,1596,85
Clinton Thomson,1596,56
Sinisa Markovic,1595,24
Radim Zitko,1595,40
Tomas Zib,1595,41
Min Hyoek Cho,1595,34
Dusan Lajovic,1594,64
Marcin Gawron,1594,103
David Novak,1594,72
Denis Matsukevitch,1594,92
Stefano Ianni,1594,77
Vincent Spadea,1594,116
Nicholas Monroe,1594,110
Adam Feeney,1593,97
Kittipong Wachiramanowong,1592,64
David Canudas Fernandez,1592,101
Gastao Elias,1590,52
Marco Trungelliti,1590,89
Tomas Cakl,1590,29
Michael Venus,1590,37
Simon Stadler,1589,117
Jae Sung An,1589,85
Juho Paukku,1588,73
Sebastian Rieschick,1588,91
Stefan Seifert,1588,54
Antonio Comporto,1587,79
Raphael Durek,1587,46
Damian Patriarca,1587,36
Pablo Figueroa,1586,11
Melle Van Gemerden,1586,16
Daniel Lustig,1586,67
Jean Andersen,1585,6
Martin Sayer,1585,4
Rohan Gajjar,1584,87
Georgi Rumenov Payakov,1584,87
Ricardo Chile Fonte,1583,10
Pablo Carreno Busta,1583,48
Jonathan Eysseric,1583,93
Carlos Poch Gradin,1582,59
Amir Weintraub,1582,83
Rameez Junaid,1581,64
Jaan Frederik Brunken,1581,60
Martin Slanar,1581,70
Philippe De Bonnevie,1581,120
Marco Crugnola,1581,111
Marek Semjan,1580,108
Rupesh Roy,1580,52
Razvan Sabau,1580,102
Jerome Haehnel,1579,26
James Mcgee,1579,78
Sadik Kadir,1579,79
Daniel Vallverdu,1578,8
Martin Vacek,1578,31
Grzegorz Panfil,1578,97
Todd Paul,1578,94
Cesar Ferrer Victoria,1577,84
Holger Fischer,1577,61
Travis Rettenmaier,1577,22
Pierrick Ysern,1576,70
Bradley Klahn,1576,16
Tigran Martirosyan,1576,99
Izak Van Der Merwe,1576,92
Eric Nunez,1576,64
Darko Madjarovski,1576,54
Jan Stancik,1576,59
Ivan Bjelica,1575,67
Ludovic Walter,1575,109
Hugo Armando,1575,30
Rodrigo Antonio Grilli,1574,92
Travis Helgeson,1574,32
Juan Pablo Guzman,1574,13
Nicolas Reissig,1573,73
Gerard Granollers,1572,121
Luis Manuel Flores,1572,54
Franz Stauder,1572,5
Ismar Gorcic,1572,68
Colin Obrien,1571,88
Matteo Trevisan,1571,40
Armin Sandbichler,1571,71
Marcel Zimmermann,1571,68
Konstantinos Economidis,1571,41
Roman Jebavy,1570,118
Emilio Gomez,1570,26
Roman Borvanov,1570,60
Scott Lipsky,1569,18
Ranjeet Virali Murugesan,1569,89
Marius Zay,1569,97
Frantisek Cermak,1569,24
Arthur De Greef,1568,15
Scott Oudsema,1568,41
Roman Valent,1568,18
Sung Kyun Kang,1567,27
Gonzalo Tur,1567,117
Yong Bum Seo,1566,6
Oscar Burrieza,1566,22
Mark Nielsen,1566,7
Nicolas Santos,1566,98
Rainer Eitzinger,1565,86
Christian Lindell,1565,18
Daniel Alejandro Lopez Cassaccia,1565,92
Patrick Taubert,1564,87
Henrique Cunha,1564,26
Fabrice Martin,1564,84
Nicolas Renavand,1564,85
Yan Bai,1564,49
Sergei Krotiouk,1563,112
Joshua Goodall,1563,64
Dejan Katic,1563,35
Nenad Zimonjic,1563,9
Abdullah Maqdas,1563,5
Pablo Martin Adalia,1562,120
Alexandre Renard,1562,70
Carles Poch Gradin,1562,78
Toshihide Matsui,1562,69
Adriano Biasella,1562,46
Dimitar Kutrovsky,1562,7
Cedrik Marcel Stebe,1561,53
Antal Van Der Duim,1561,60
Roberto Marcora,1561,11
Florin Mergea,1561,23
Lado Chikhladze,1561,22
Fritz Wolmarans,1560,25
Johan Ortegren,1560,13
George Bastl,1560,95
Roberto Maytin,1560,31
Javier Marti,1560,68
Dominic Inglot,1560,16
Marcus Willis,1560,57
Federico Torresi,1559,95
Jeremy Blandin,1559,79
Dayne Kelly,1558,82
Tasuku Iwami,1558,95
Todor Enev,1558,54
Mehdi Ziadi,1558,46
Alejandro Kon,1557,119
Hsin Han Lee,1557,74
Conor Pollock,1556,27
Eduardo Struvay,1556,51
Marek Michalicka,1556,24
Holden Seguso,1556,9
Fernando Vicente,1556,91
Gilles De Sousa,1556,46
Harsh Mankad,1556,34
Mikhail Vasiliev,1556,126
Axel Michon,1556,47
Vladimir Karusevich,1556,33
Nicolas Jara Lozano,1555,105
Uros Vico,1555,23
Byung Kook Kang,1555,39
Federico Sansonetti,1555,87
Filip Polasek,1555,9
Miloslav Mecir,1554,98
Dmytro Petrov,1554,37
Mauricio Estivariz,1553,43
Hector Ruiz Cadenas,1553,33
Luka Belic,1553,46
Erling Tveit,1553,58
Julien Obry,1553,24
Denis Kudla,1552,16
Amir Hadad,1552,21
Raian Luchici,1552,51
Yann Marti,1552,41
Matt Reid,1552,57
Facundo Arguello,1552,33
Evgeny Donskoy,1551,53
Kepler Orellana,1551,4
Chris Eaton,1550,96
Guillermo Duran,1550,77
David Skoch,1550,6
Ken Skupski,1550,47
Luca Vanni,1550,104
Tim Goransson,1550,68
Jean Claude Scherrer,1550,6
Luis Diaz Barriga,1550,42
Kristian Pless,1549,103
Sergei Bubka,1549,101
Maxime Teixeira,1549,18
Nima Roshan,1549,83
Tihomir Grozdanov,1549,85
Woong Sun Jun,1549,86
Julian Knowle,1549,3
Danila Arsenov,1549,73
Steven Moneke,1549,21
Alexander Lobkov,1548,55
Harri Heliovaara,1548,29
Jose Maria Vicente,1548,4
Daniel Danilovic,1548,82
Felipe Parada,1548,25
Ze Zhang,1548,53
Mikhail Ledovskikh,1547,61
Guillermo Carry,1547,32
Romano Tatuhey,1547,4
Todd Widom,1547,99
Alexander Slabinsky,1547,93
Matthew Roberts,1547,61
Daniel Yoo,1546,74
Gaston Giussani,1546,80
Marco Viola,1546,71
Piotr Gadomski,1546,15
Roy Kalmanovich,1545,28
Alberto Giraudo,1545,59
Mikhail Fufygin,1544,80
Marc Steger,1544,14
Florian Reynet,1544,46
Clement Morel,1543,25
Daniel Cox,1543,78
Alexander Farquharson,1543,3
Nikolaus Moser,1542,53
Andrea Collarini,1542,18
Brendan Mckenzie,1542,29
Filippo Leonardi,1542,60
Enrico Burzi,1542,70
Cristhian Ignacio Benedetti,1542,132
Justin Oneal,1542,37
Jan Michael Gambill,1542,13
Sheeva Parbhu,1542,40
Oh Hee Kwon,1541,56
N Vijay Sundar Prashanth,1541,24
Denis Zivkovic,1541,60
Cory Parr,1540,23
Artemon Apostu Efremov,1540,25
Yasutaka Uchiyama,1540,3
David Rice,1540,99
Jeevan Nedunchezhiyan,1540,7
Christian Magg,1539,54
Oscar Sabate Bretos,1539,103
Martin Hromec,1539,4
Matthew Asciak,1538,14
Marcos Conocente,1538,76
Miljan Zekic,1538,73
Michail Elgin,1537,80
Mao Xin Gong,1537,69
Olivier Charroin,1537,36
Nikoloz Basilashvili,1537,49
Rudy Coco,1537,82
Jurek Stasiak,1536,37
Federico Cavallero,1536,78
Guillermo Coria,1536,15
Seung Kyu Park,1535,6
Dzmitry Zhyrmont,1535,67
Hyun Woo Nam,1535,83
Michal Mertinak,1535,17
Soong Jae Cho,1535,56
Frank Wintermantel,1535,74
Valentin Dimov,1535,54
Frank Moser,1535,13
Sanam Singh,1535,5
Thomas Cazes Carrere,1534,88
Karan Rastogi,1534,37
Jean Noel Insausti,1534,85
Kaes Vant Hof,1534,42
Juan Albert Viloca Puig,1533,40
Roman Vogeli,1533,72
Irakli Labadze,1533,21
Michael Quintero,1533,98
Jordane Doble,1533,5
Federico Zeballos,1533,32
Giulio Torroni,1532,67
Diego Cristin,1532,61
Phillip Simmonds,1532,74
Markus Eriksson,1532,30
Juan Francisco Spina,1532,48
Juan Miguel Such Perez,1532,27
Peng Sun,1532,72
Lovro Zovko,1532,30
Vladimir Obradovic,1531,87
Jan Greve,1531,3
Julien Mathieu,1530,9
Prima Simpatiaji,1530,1
Ross Hutchins,1530,5
Kento Takeuchi,1530,111
Gaston Arturo Grimolizzi,1530,104
Jose Hernandez,1530,27
Martin Rios Benitez,1529,35
Oskar Pallin,1529,9
Michal Pazicky,1529,68
Gary Lugassy,1529,89
Joseph Sirianni,1529,106
Michael Kohlmann,1528,4
Massimo Capone,1528,76
Charles Roche,1528,45
Adrien Bossel,1528,80
Steve Johnson,1528,12
Chase Buchanan,1528,35
Jonathan Marray,1528,36
Guilherme Clezar,1528,10
Erik Chvojka,1527,65
Luis Antonio Perez Perez,1527,4
Rickard Holmstrom,1527,8
Mateusz Kowalczyk,1527,60
David Souto,1527,30
Di Wu,1526,27
Mikhail Pavlov,1526,3
Seung Hoon Lee,1525,7
Austin Krajicek,1525,27
Alberto Francis,1525,46
Patricio Alvarado,1525,21
Guillermo Gomez Diaz,1525,13
Bruno Agostinelli,1525,8
Alexandre Folie,1525,62
Photos Kallias,1525,104
Ivan Cerovic,1524,73
Antonio Sancic,1524,93
Guillaume Couillard,1523,5
Ervin Eleskovic,1523,63
Guillaume Legat,1523,3
Dimitris Kleftakos,1522,29
Rodrigo Perez,1522,77
Simeon Ivanov,1522,52
Radu Albot,1522,70
Aqeel Khan,1522,24
Yassine Idmbarek,1522,53
Marco Simoni,1522,78
Nikita Kryvonos,1522,55
Masatoshi Miyazaki,1522,18
Enrique Olivares,1522,6
Fabiano De Paula,1522,8
Thomas Liversage,1522,11
Jakub Praibis,1521,28
Julien Maes,1521,11
Karel Triska,1521,42
Guillermo Alcorta Olarra,1521,71
Moises Cardenas,1520,4
Markus Hipfl,1520,2
Kenny De Schepper,1520,38
Tobias Klein,1520,38
Aditya Hari Sasongko,1520,1
Andrej Kracman,1520,1
Marcus Fugate,1520,76
Laurynas Grigelis,1520,54
Chris Klingemann,1520,74
Mikhail Elgin,1520,18
Agustin Tarantino,1520,44
Baptiste Dupuy,1519,49
Thales Turini,1519,41
Alessandro Accardo,1519,32
Matthew Kandath,1519,3
Tiago Fernandes,1519,16
Brian Hung,1519,1
Jose Pereira,1519,49
Michal Navratil,1518,47
Andy Lloyd,1518,11
Cheuk Wai Hui,1518,1
Neil Bamford,1518,37
Alessandro Giannessi,1518,41
Sebastian Fitz,1518,7
Sergei Demekhine,1517,24
Mikhail Ptukhin,1517,9
Lazaro Navarro Batles,1517,5
Jerome Inzerillo,1517,48
Luca Schena,1517,3
Enrico Fioravante,1517,25
Alejandro Dominguez,1516,2
Barry King,1516,49
Dino Bilankov,1516,6
Michael Linzer,1516,26
Juan Ferrer,1516,22
Pavel Chekhov,1516,86
Yves Allegro,1515,2
Ricardo Rodriguez,1515,11
Andrei Vasilevski,1515,21
Karunuday Singh,1515,24
Gustavo Marcaccio,1515,31
Sascha Heinemann,1515,16
Laurent Vigne,1515,6
Ille Van Engelen,1515,3
Marc Marco Ripoll,1515,7
Agustin Velotti,1515,32
Takanyi Garanganga,1515,39
Jasper Smit,1515,3
Robert Varga,1514,62
Florian Nufer,1514,2
Jan Vacek,1514,18
Germain Gigounon,1514,61
Andres Schneiter,1514,2
Carl Bergman,1514,61
Nicolas Bruns,1514,2
Ryan Rowe,1514,13
Richard Ruckelshausen,1514,52
Yaoki Ishii,1513,54
Chul Hee Lee,1513,16
Werner Eschauer,1513,28
Mikhail Biryukov,1513,12
Dino Marcan,1513,19
Dawid Celt,1512,18
Alun Jones,1512,26
Eduardo Magadan Castro,1512,2
Benjamin Dracos,1512,58
Jaymon Crabb,1512,10
Angel Jose Martin,1512,4
Karlis Lejnieks,1512,53
Myles Blake,1512,32
Frederic Petitjean,1512,5
Michal Schmid,1512,18
Lars Uebel,1512,12
Luis Javier Cuellar Contreras,1512,6
Gustavo Ramirez,1512,8
Tudor Dumitrescu,1511,2
Carlos Calderon Rodriguez,1511,83
Sa Chen,1511,34
Andres Arango,1511,4
Andre Wiesler,1510,26
Shane La Porte,1510,40
Piotr Dzikiewicz,1510,2
Ryan Haviland,1510,2
Andrea Agazzi,1510,16
Ian Flanagan,1510,22
Armen Gomktsian,1510,1
Henry Estrella,1510,1
Stefano Valenti,1510,41
Trevor Dobson,1510,4
Brett Ross,1510,41
Matthew Smith,1510,6
Francis Casey Alcantara,1510,2
Arsenije Zlatanovic,1509,33
John Patrick Smith,1509,2
Mikhail Lifshits,1509,10
Gonzalo Escobar,1509,9
Treat Conrad Huey,1509,29
Victor Stanica,1509,6
Daniel Elsner,1509,3
Martijn Van Haasteren,1509,5
Mathias Feitsch,1509,9
Allen Belobrajdic,1508,2
Haydn Lewis,1508,57
Jan Kroslak,1508,5
Mario Radic,1508,3
Roberto Menendez,1508,2
Alen Bisevac,1508,2
Philipp Hammer,1508,1
Denes Lukacs,1508,22
Jan Bergmann,1508,5
Thanh Trung Hoang,1508,2
Ante Pavic,1508,44
Kj Hippensteel,1507,18
Pedro Rico,1507,1
Clint Thomson,1507,2
Juan Carlos Spir,1507,15
Marcio Petrone,1507,2
Juan Pablo Yunis,1507,48
Victor Mugurel Anagnastopol,1507,19
Max Raditschnigg,1507,81
Petri Janse Van Rensburg,1507,2
Mischa Nowicki,1507,2
Dorian Descloix,1507,33
Alexander Bury,1507,32
Mariano Hood,1507,2
Alexander Blom,1507,23
Mattia Barducci,1506,2
Jonathan Igbinovia,1506,4
Maxim Levanovich,1506,2
Hugo Anao,1506,2
Mate Pavic,1506,2
Ricardo Villacorta Alonso,1506,6
Ludwig Pellerin,1506,29
Yannick Jankovits,1506,8
Vladyslav Klymenko,1506,31
Peter Torebko,1505,59
Omar Awadhy,1505,4
Sarvar Ikramov,1505,28
Hwan Yong Choi,1505,2
Robert Khoury,1505,7
Sebastien Lami,1505,1
Hiu Tung Yu,1505,7
Jonathan Brooklyn,1505,2
Dovydas Sakinis,1505,18
Theodor Devoty,1505,2
Christopher Kas,1505,6
Gd Jones,1505,69
Danilo Ferraz,1505,68
Bradley Cox,1505,5
Alessandro Da Col,1504,31
Shaun Leisher,1504,2
Adirek Kundarnpinitvon,1504,2
Sebastian Lavie,1504,2
Eric Quigley,1504,6
Daniel Stoehr,1504,60
Mohamed Mamoun,1504,43
Mike Scheidweiler,1504,3
Damiano Di Ienno,1504,36
Gonzalo Bravo Pavez,1504,2
Josip Mesin,1504,2
Andrew Bettles,1504,3
Tony Rajaobelina,1504,2
Romain Bocaert,1504,2
Hovhannes Davtyan,1504,2
Leonardo Ramirez,1504,4
Sebo Kiss,1504,15
Julien Maigret,1504,1
Liang Chi Huang,1503,11
Jan Hradsky,1503,2
Ryan Young,1503,48
Oliver Andrzejczuk,1503,2
Davide Bramanti,1503,8
Nikolai Soloviev,1503,4
Tobias Wernet,1503,1
Guillem Closa Puncernau,1503,19
Max Krammer,1503,7
Sebastian Rivera,1503,33
Arvid Puranen,1503,3
Andrei Levine,1503,47
Filip Zeman,1503,50
Hichem Ben Bakhma,1503,2
Jannis Kahlke,1502,2
Ashot Khacharyan,1502,2
Michael Lai,1502,4
Mustafa Ghouse,1502,4
Renato Assad,1502,3
Dean Obrien,1502,2
Bruno Soares,1502,8
Maciej Dilaj,1502,8
Mauricio Antun,1502,2
Thomas Dupre,1502,1
Vladislav Bondarenko,1502,65
Marc Spicijaric,1502,2
Frederic Novas,1502,1
Rodolphe Gilbert,1502,11
Olivier Mutis,1502,1
Marc Garcia Roman,1502,2
Andre Mordhorst,1501,2
Mario Arce,1501,2
Robert Godlewski,1501,41
Andraz Bedene,1501,21
Stefano Tarallo,1501,3
Baptiste Maitre,1501,6
Josef Hrabal,1501,9
Christoph Palmanshofer,1501,40
Andrei Karatchenia,1501,65
Pablo Acevedo,1501,1
Matias Bekerman,1501,2
Lorenz Ilg,1501,5
Alexander Rumyantsev,1500,1
Yannick Hanfmann,1500,15
Erik Moberg,1500,2
Sasa Tuksar,1500,10
Jan Masik,1500,7
Fabio Tenneriello,1500,2
Luca Pippi,1500,2
Patrick Briaud,1500,1
Pavel Vizner,1500,1
Richard Irwin,1500,1
Todd Perry,1500,1
Miguel Cicenia,1500,84
Marc Andre Stratling,1500,57
Nicolas Ngodrela,1500,2
Daniel Manuel Sanchez Martinez,1500,5
Juan Manuel Elizondo,1500,62
Alex Clayton,1500,5
Adrien Puget,1500,7
Johannes Robert Van Overbeek,1500,18
Facundo Garade,1500,2
Martin Emmrich,1499,53
Federico Coria,1499,5
Alexis Musialek,1499,7
Josue Candelas,1499,2
Antoine Benneteau,1499,7
Prach Mahathavorn,1499,2
Sornsakol Supakit,1499,2
Mathieu Fortin Thibaudeau,1499,3
Simon Ede,1499,2
Pablo Cerutti,1499,3
Ezequiel Dequino,1499,2
Manuel Jorquera,1499,27
David Luque Velasco,1499,2
Hyun Joon Kim,1499,30
Juan Pablo Ramirez,1499,1
Dimitar Grabuloski,1498,27
Carl Sundberg,1498,5
Maksim Bakunin,1498,2
Ivo Mijic,1498,12
Orion Modebe,1498,1
Fabien Robert,1498,2
Mike Bryan,1498,1
Marcel Ioan Miron,1498,62
Alfonso Perez Villegas,1498,6
Pieter Calitz,1498,1
Maxime Tabatruong,1498,1
Cheong Eui Kim,1498,2
Bryan Wooten,1498,7
Rafael Garcia,1498,60
Ante Nakic Alfirevic,1498,70
Clement Reix,1498,67
Nikola Bubnic,1497,2
Emilien Firmin,1497,5
Alejo Prado,1497,10
Marcelo Amador,1497,2
Oskars Vaskis,1497,5
Guido Andreozzi,1497,33
Oriol March Ledesma,1497,1
Roy Bruggeling,1497,15
Nicolas Andres Rodriguez,1497,2
Giorgio Galimberti,1497,2
Caio Gomes,1497,2
Romano Frantzen,1497,48
Calum Gee,1497,1
Michael Look,1497,4
Malte Stropp,1497,1
Yugo Inoue,1497,1
Mamadou Diallo,1497,2
Rodrigo Carvalho,1497,3
Alexandru Tanase,1497,2
Alexander Thams,1497,2
Andy Ram,1497,1
Milan Pokrajac,1497,62
Boris Nicola Bakalov,1497,13
Juan Pablo Barriga,1497,2
George Tsivadze,1497,2
Carlos Garcia Villanueva,1497,4
Federico Gaio,1497,25
Jeff Tarango,1496,2
Bei Liu,1496,1
Paterne Mamata,1496,3
Sergey Betov,1496,73
Martin Cevasco,1496,1
Mohcine Roudami,1496,9
Levar Harper Griffith,1496,3
Miguel Angel Reyes Varela,1496,2
Carlos Arboleda Garcia,1496,2
Dominik Pfeiffer,1496,9
Juan Sebastian Vivanco,1496,44
Martin Prikryl,1496,3
Peter Miklusicak,1496,5
Alexis Klegou,1496,10
Serguei Tarasevitch,1496,6
Konstantin Kremeshkov,1496,2
Peter Lucassen,1496,86
Yu Chang,1495,18
Divij Sharan,1495,55
Cyril Saulnier,1495,2
Miliaan Niesten,1495,35
Florent Scaccianoce,1495,1
Manfred Jeske,1495,3
Clint Boling,1495,1
Bolaji Olawepo,1495,2
Stanislav Poplavskyy,1495,4
Maximiliano Estevez,1495,40
Thomas Michaud,1495,1
Abel Rincon Vazquez,1495,5
Dennis Van Scheppingen,1495,2
Jordi Munoz Abreu,1495,1
Gregor Repina,1494,2
Diego Sebastian Schwartzman,1494,19
Stefan Borg,1494,7
Slavko Bjelica,1494,3
Shahand Esmaeili,1494,2
Aaron Yovan,1494,5
Xavier Smith,1494,1
Luca Serena,1494,2
Leander Van Der Vaart,1494,4
Lucas Arnold Ker,1494,4
Stephen Amritraj,1494,2
Marko Mijacevic,1494,11
Dominic Stoeckler,1494,2
Matthieu Roy,1494,13
Masato Hatanaka,1494,42
Hyung Kwon Kim,1494,24
Mehdi Bouras,1494,3
Man Hyo Lee,1494,1
Marcelo Palacios Siegenthale,1494,87
Julien Cassaigne,1494,2
Daniil Proskura,1494,1
Francisco Olivares,1494,5
Arjan Pastoors,1494,3
Marc Powers,1493,1
Benas Majauskas,1493,1
Justin Diao Natale,1493,16
Ahmed Abdrabuh,1493,1
Tom Burn,1493,6
Daniel Berta,1493,7
Richard Muzaev,1493,4
Phillip King,1493,23
Philippe Frayssinoux,1493,41
Aleksandr Nedovyesov,1493,3
Mauro Bosio,1493,1
Maciej Lorenz,1493,2
Michael Lux,1493,1
Dean Jackson,1493,3
Tim Verlin,1493,2
Yutaro Masuo,1493,3
Vorachit Runglertmaneepong,1493,1
Diego Acosta,1493,14
Renzo Olivo,1493,14
Miles Armstrong,1493,71
Adam Kennedy,1493,1
Mait Kunnap,1493,49
Henri Laaksonen,1493,11
Alain Ntamag,1493,13
Gvidas Sabeckis,1493,57
Faisal Aidil,1493,1
Luis Felipe Contreras,1492,1
Andrey Yakovlev,1492,1
Peerakiat Siriluethaiwattana,1492,61
Jason Marshall,1492,4
Alex Miotto,1492,6
Guillermo Bujniewicz,1492,62
Daniel Santos,1492,1
Eric Butorac,1492,5
Robert Lindstedt,1492,2
Filippo Bettini,1492,1
Alastair Barnes,1492,1
Abhaya Prakash,1492,3
Marcus Sarstrand,1492,4
Sergio Rojas,1492,11
Pablo Garcia Gaitan,1492,1
Mohammed Fetov,1492,6
Aurelien David,1492,1
Clifford Marsland,1492,18
Jonathan Ribaste,1492,1
Jorge Vazquez Catoira,1492,1
Lukas Michl,1492,1
Miquel Perez Puigdomenech,1492,27
Elie Rousset,1492,1
Juan Manuel Arganaras,1492,3
Fedor Doudtchik,1492,1
Antonio Fernandez Cantisano,1492,1
Juan Fernandez,1491,3
Quino Munoz,1491,1
Joel Kielbowicz,1491,5
Colin Purcell,1491,3
Ruslan Bekoev,1491,1
Michal Nevrela,1491,1
Mario Haider Maurer,1491,1
Tomas Rohan,1491,1
Alexander Somogyi,1491,58
Ilya Lebedev,1491,5
Nicolas Meister,1491,12
Sandor Martinez Breijo,1491,1
Jeff Dadamo,1491,11
Idan Rosenberg,1491,3
Damir Dzumhur,1491,4
Alexander Krasnorutskiy,1491,12
Johan Brunstrom,1491,10
Daniel Andrus,1491,2
Diego Garavito,1491,1
Anthony Azcoaga,1491,1
Anton Galkin,1491,1
Giuseppe Menga,1491,4
Syrym Abdukhalikov,1491,55
Francisco Zambon,1491,1
David Martin,1491,11
Jose Carlos Gutierrez Pliego,1491,3
Leos Friedl,1491,2
Razvan Lupsescu,1491,1
Minh Quan Do,1491,1
Pablo Romero Otero,1490,1
Philip Lang,1490,15
Yannik Reuter,1490,14
Marco Pedrini,1490,13
Alberto Torchia,1490,2
Augusto Meirelles,1490,4
Juan Javier Estenssoro,1490,2
Aleksandar Markov,1490,2
Magin Ortiga,1490,1
Albert Loncaric,1490,23
Anton Stryhas,1490,3
Jorge Hernando Ruano,1490,1
Luciano Doria,1490,1
Naim Azhar,1490,1
Roman Tudoreanu,1490,48
Alexander Nonnekes,1490,1
Anthony Gomez,1490,1
Chemseddine Belal,1490,1
Ehsan Nourzade,1490,1
Fakhraddin Shirinov,1490,1
Filip Vittek,1490,1
Jiri Novy,1490,1
Jt Sundling,1490,1
Juan Bolona,1490,1
Leander Paes,1490,1
Maxim Dubarenco,1490,1
Minu Lee,1490,1
Ryota Doi,1490,1
Shane Templeman,1490,1
Luiz Guilherme Deneka,1490,4
Jeff Coetzee,1490,1
Razvan Andrei Cojocaru,1490,3
Julian Gast,1490,6
Petr Michnev,1490,1
Nikunj Siwach,1490,3
Khaled Al Thawadi,1490,1
Richard Becker,1490,2
Michael Samara,1490,1
Cahit Kapukiran,1490,1
Alexander Cornelissen,1490,1
John Lamble,1490,1
Dominick Mueller,1490,1
Vijayant Malik,1490,35
Luca Stoppini,1490,4
Tatsuya Sawada,1490,1
Kamil Filali,1490,3
Chris Kwon,1490,1
Greg Hill Usa,1490,1
Horia Tecau,1490,6
Dylan Sessagesimi,1490,27
Karue Sell,1490,3
Nima Madami,1490,1
Ion Moldovan,1490,1
Manuel Agustin Belda,1490,1
Christian Schultz,1489,1
Franco Agamenone,1489,3
Ashwin Vijayragavan,1489,3
Jan Plewinski,1489,1
Jean Baptiste Poux Gautier,1489,3
Alexandre Spoerri,1489,1
Yannick Thivant,1489,3
David Vukasinec,1489,1
Bruno Tiberti,1489,50
Mark Zakovsek,1489,1
Hristosko Atanasov,1489,1
Pedro Rogar,1489,1
Jonathan Tragardh,1489,1
John Otu,1489,1
Dariel Leon,1489,12
Mohamed El Nazer,1489,1
Bumpei Sato,1489,19
Harutyun Sofyan,1489,12
Georgy Kurochkin,1489,5
Max Jones,1489,15
Felipe Mantilla,1489,4
Alberto Sibona,1489,1
Alexandr Zotov,1489,1
Slobodan Jevtic,1489,1
Giordano Boza,1489,1
Aaron May,1489,1
Mauricio Perez Mota,1489,1
Stephen Huss,1489,1
Gabriel Marcolino,1489,1
Jurica Grubisic,1489,1
Julian Dehn,1489,1
Masato Shiga,1489,1
Thiago Augusto Bitencourt Pinheiro,1489,1
Jorge Alejandro Suarez Zuleta,1489,1
Jose Luis Desena,1489,3
Karl Erik Paaro,1489,1
Angel Ruiz Cotorro,1489,1
Joey B Burkhardt,1489,1
Colt Gaston,1489,1
Reid Carleton,1489,2
Gal Hakak,1489,1
Oscar Posada,1489,1
Torgom Asatryan,1489,1
Ruben Gonzales,1489,19
Christian Matic,1489,1
Timon Reichelt,1489,1
Jiri Kosler,1488,54
Ener Gursoy,1488,1
Inaki Alcalde Perez Ilzarb,1488,1
Lauri Kiiski,1488,2
Ken Onoda,1488,2
Pablo Gonzalez,1488,1
Patrick Prader,1488,33
Tobias Obenaus,1488,1
Francisco Aparicio,1488,1
Gilles Kremer,1488,1
Rogan Egerton,1488,1
Shalva Dzhanashia,1488,1
Luka Starc,1488,1
Alexis Heugas,1488,1
Alberto Cammarata,1488,1
Ricardo Schlachter,1488,1
Ali Ibshara,1488,1
Joo Hyo Park,1488,5
Mariusz Fyrstenberg,1488,3
Marius Adrian Cirstea,1488,10
Markus Egger,1488,1
Fabricio Custode,1488,1
Vedran Ljubicic,1488,1
Calin Paar,1488,1
Renato Terra,1488,3
Andres Dellatorre,1488,1
Sergio Olivares,1488,1
Ben Qiang Zhu,1488,6
Nikola Martinovic,1488,4
Alessandro Sarra,1488,1
Gregg Hill,1488,1
Nat Maraga,1487,4
Bob Van Duijn,1487,1
Ola Rorvik Bakke,1487,1
Bruno Luciano Mazziotti,1487,3
Tomasz Bednarek,1487,3
Joss Espasandin,1487,11
Igor Zelenay,1487,3
Nicolas Kicker,1487,1
Constant Lestienne,1487,1
Martin Sinner,1487,3
Rares Georgescu,1487,1
Ruslan Miroshnichenko,1487,1
Joel Lindner,1487,38
John Houston Barrick,1487,1
Stefan Lindmark,1487,1
Farshad Talavar,1487,1
Alejandro Correa,1487,1
G Jones,1487,6
Khevan Somasundram,1487,1
Nick Coutts,1487,1
Rasmus Jonasson,1487,1
Ramiro Arias Moreno,1487,1
Rodolfo Jauregui Sainz De Rozas,1487,1
Leury Arias,1487,1
Willy Lebendje,1487,1
Shinnosuke Otsuka,1487,1
Alan Bevan,1487,1
Mohammed Faizal Bin Othman,1487,1
Boris Conkic,1487,3
Frederic Lageat,1487,1
Facundo Gomez,1487,1
Jack Schipanski,1487,1
Ryan Mcbride,1487,1
Marc Abdulnour,1487,11
Oleksiy Odazhyu,1487,1
Jerome Becker,1487,4
Milos Koprivica,1487,1
Nikolaos Kokkotas,1487,1
Nihal Kapoor,1487,1
Hendrik Bode,1487,2
Andrei Daescu,1487,2
Brad Weston,1487,1
Alexandre Schnitman,1487,3
Quoc Khanh Le,1487,1
Shu Saito,1487,5
Adolfo Miguel Pontigo Tovar,1487,1
Pawel Kur,1487,1
Roberto Dadamo,1487,1
Cristian Bohorquez,1487,1
Marcin Maszczyk,1486,1
Felipe Rios,1486,1
Saad Benkirane,1486,3
Musashi Hoshino,1486,1
Komlavi Loglo,1486,42
Armel Collinot,1486,1
Gabriel Ruiz Auad,1486,1
Jong Guk Ho,1486,1
Josh Nelson,1486,3
Dariusz Kuligowski,1486,1
Marcelo Michelucci,1486,1
Marcos Esparcia Omedas,1486,1
Ivan Petrov,1486,1
Adrian Guzman,1486,1
Alexander Tabares,1486,2
Oleg Dmitriev,1486,1
Marlon Van Ingen,1486,1
Charles Weber,1486,1
Kiril Dimitrov,1486,1
Eric Roberson,1486,1
Mauricio Doria Medina,1486,87
Salvador Rodriguez Mayoralas,1486,1
Radu Traian Ionescu,1486,1
Matthew Hicks,1486,2
Fernando Javier Gianini,1486,1
Jarmaine Jenkins,1486,4
Anas Fattar,1486,84
Laerte Di Falco,1486,1
Tomas Caprotta,1486,1
Vishal Punna,1486,6
William Ward,1486,15
Alessandro Lorenzon,1486,1
Constantin Alexandru Stohor,1486,1
German Gaich,1486,64
Dejan Djokic,1486,1
Vlad Alex Marinescu,1486,1
Nicholas John Andrews,1486,3
Gerhard Fahlke,1486,1
Saso Bende,1486,1
Aleksandar Mihailovski,1486,1
Borut Puc,1486,39
Moritz Baumann,1486,6
Moussa Shanan,1486,1
Andrzej Mach,1486,5
Alejandro Gomez Gb42,1486,4
Kevin Konfederak,1486,52
Kanagaraj Balakrishnan,1486,1
Piotr Banas,1486,1
George Von Massow,1486,4
Neil Pauffley,1486,39
Manuel Rezzaghi,1486,1
Mahesh Bhupathi,1486,1
Victor Acurcio Machado,1486,1
Chang Hyun Kang,1486,1
Markus Ingold,1486,1
Tommaso Lago,1486,1
Deivids Juksa,1486,1
Abraham Gonzalez Jimenez,1486,75
Keith Patrick Crowley,1486,1
Ahmed Borai,1485,1
Nicolas Guillaume,1485,1
Ilias Giannakakis,1485,1
Rafael Paez,1485,1
Carlos Gonzalez Leiva,1485,5
Christoph Hodl,1485,5
Daniel Whitehead,1485,1
Lukas Vojtechovsky,1485,3
Jason Jung,1485,1
Cherif Zaher,1485,1
Giovanni Bottai,1485,1
Naveen Sai,1485,1
Aleksandre Kondulukov,1485,1
Adam Thompson,1485,46
Francesco Borgo,1485,1
Mackenzie Mcdonald,1485,1
Marcos Conde Jackson,1485,1
Jason Tahir,1485,1
Christophe Squarta,1485,1
Matteo Colla,1485,2
Rafael Coutinho,1485,5
Elliot Keyser,1485,1
Alan Muzati,1485,1
Jose Luis Hernandez Davo,1485,1
Fotis Triantis,1485,1
Daniel Krajnovic,1485,1
Armin Hirner,1485,1
Tobias Hinzmann,1485,9
James Meredith,1485,1
Daniiar Duldaev,1485,1
Antti Tuomi,1485,1
Diego Soto Gonzalez,1485,1
Aleksander Klenar,1485,1
Christopher Diaz Figueroa,1485,50
Davey Sandgren,1485,1
Amer Mezri,1485,1
Thomas Flury,1485,1
Rafael Saraiva,1485,1
Clemens Breuss,1485,1
Zalan Klempa,1485,6
Christoph Muller,1485,1
Christoph Steiner,1485,1
Nemanja Kontic,1485,3
Flavio Malagutti,1485,1
Leonel Videla,1485,2
Henrik Soderberg,1485,1
Andrey Veykut,1485,1
Joe Bates,1485,2
Michal Sekula,1485,1
Jean Ayissi Etele,1485,1
Matej Zlatkovic,1485,1
Andrea Roscioli,1485,1
Angel Mirchev,1485,1
Yusuke Watanuki,1485,12
Alex Satschko,1485,10
Jordi Vives,1485,1
David Pel,1485,1
Hannay Carbonell,1485,1
Rodrigo Orozco,1485,1
Bruno Schick,1485,7
Mike Urbanija,1485,1
Arthur Beavis,1485,1
Gilles Lagardere,1484,1
Robert Gustafsson,1484,5
Daniel Monedero,1484,2
Fabricio Neis,1484,32
Mamadou Akilissou Diallo,1484,1
Mattis Wetzel,1484,1
Jung Hyo Lee,1484,1
Benedikt Muller,1484,1
Dmitry Vlasov,1484,3
Christoph Drechsler,1484,1
Alexander Ward,1484,64
Brandon Anandan,1484,1
Clint Bowles,1484,7
Mehdi Birouk,1484,1
Fernando Mussolini,1484,1
Victor Bruthans,1484,3
Robert Verzaal,1484,1
Claudio Scatizzi,1484,1
Daniil Sirota,1484,1
Maximiliano Gurmandi,1484,1
Filip Tomanic,1484,1
Sergio Ramirez,1484,1
Vicente Elberto Anasta,1484,1
Mo Niaki,1484,3
Mircea Alexandru Jecan,1484,1
Michael Grant,1484,1
Hashim Abdal,1484,1
Alexander Pfann,1484,2
Taavo Roos,1484,3
Axel Alvarez Llamas,1484,1
Borja Rodriguez Manzano,1484,1
James Allemby,1484,1
David De Goede,1484,1
Pierre Clad,1484,1
Dmitriy Minkin,1484,1
Bruno Bertolucci,1484,1
Mats Moraing,1484,1
Peter Heller,1484,1
Dawie Eybers,1484,1
Diogo Rocha,1484,1
Charly Villeneuve,1484,1
Leandro Toledo,1484,1
Ariez Elyaas Deen Heshaam,1484,1
Rong Ma,1484,1
Nutthavit Likitkumchorn,1484,1
Maros Horny,1484,2
Nicolas Serio,1484,1
Diego Galeano,1484,5
Pedro Davisson,1484,1
Kacper Mularczyk,1484,4
Yan Sabanin,1484,1
Damion Johnson,1484,1
Anthony Marshall,1484,1
Davide Zucchini,1484,1
Marcelo Herrera,1484,1
Maxim Filippov,1484,1
Ilie Babinciuc,1484,1
Olivier Lemaitre,1484,1
Mandeep Yadav,1484,1
Joseph Correa,1484,1
Abdulla Hajji,1484,2
Alex Domenech Menacho,1484,1
Ricardo Siggia,1484,79
Kentaro Kamata,1484,1
Josip Brkic,1483,1
Slavi Delchev,1483,1
Johan Barras,1483,1
Thomas Kromann,1483,36
Vidhan Vyas,1483,1
Ariovaldo Custodio,1483,1
Daniel Steinbrenner,1483,1
Carlos Antonio Tavarez Rodriguez,1483,1
Tomas Jecminek,1483,1
Tucker Vorster,1483,1
Sebastian Fanselow,1483,1
Egor Gerasimov,1483,1
Ronald Tijvelijn,1483,1
M Abid Ali Khan Akbar,1483,1
Fabricio Burdisso,1483,1
Mihai Parvan,1483,10
Seyed Akbar Taheri Rahaghi,1483,1
Juan Antonio Los Santos,1483,2
Andrea Taliani,1483,1
Vasco Pascoal,1483,4
Laurent Olivier Daxhelet,1483,1
Nathan Byrnes,1483,3
Ivan Seliverov,1483,1
Juan Paul Bastiaans Minguillon,1483,1
Baligh Ellouze,1483,1
Ahmed El Menshawy,1483,1
Kouhei Maeda,1483,1
Adam Staub,1483,1
Jesper Cederlind,1483,1
Ura Mukovoz,1483,1
Ruben Medina Camargo,1483,1
Cheng Peng Hsieh,1483,1
Cristobal Aguirre,1483,1
Andreas Weber,1483,3
Vadim Pinko,1483,2
Guilheme Canineo R,1483,1
Dmitri Sitak,1483,63
Adrian Sikora,1483,71
Juan Pablo De Paiz Ferrer,1483,1
Christian Hansen,1483,1
Daniel Kosakowski,1483,1
Robin Brage,1483,1
Rodrigo Alvarez,1483,1
Martin Rmus,1483,31
Roman Martin,1483,5
Hector Silva,1483,4
Rhett Rollyson,1483,1
Tiago Godinho,1483,1
Christopher Schuhmann,1483,4
Rodolphe Cadart,1483,1
Adam Cizek,1483,1
Zachary Ganger,1483,1
Till Heilshorn,1483,2
Diego Lasry,1483,3
Eduardo Matesanz Aragones,1483,1
Roger Ordeig,1483,1
Lawrence Harradine,1483,1
German Sciacca,1483,1
Marco Aurelio Nunez,1483,1
Andrey Daniluk,1483,1
Austin Klores,1483,1
Nathaniel Gery,1483,1
Mohamed Nazim Khan,1483,1
David Ohare,1483,1
Cedric Babu,1483,1
Alvaro Loyola,1483,1
Giulio Mazzoli,1483,1
Bijan Hejazi,1483,1
Robert Hodel,1483,4
Jordan Mcculloch,1483,1
Lorenzo Carera,1483,1
Canyo Dagum,1483,1
Andrea Dallasta,1483,1
Ozren Damjanovski,1483,1
Vlad Cristian Smighelschi,1483,1
Rogelio Irigoyen,1483,1
Ivan Turudic,1482,2
Garret Brasseaux,1482,1
Patrick Grigoriu,1482,1
Fernando Albuquerque,1482,2
Bhishma Desai,1482,1
Xavi Torres,1482,1
Robson Nunes,1482,1
Tianchao Mei,1482,1
Kokou Bernard Alipoe Tchotchodji,1482,1
Juan Sebastian Langton,1482,4
Stanislav Shvetsov,1482,1
Gerry De Campos,1482,1
Yang Li,1482,1
Dimitar Petrov,1482,1
Thomas Gilner,1482,1
Yu Cheng Li,1482,1
Alessandro Tabacchini,1482,1
Jacob Kahoun,1482,1
Ignacio Hernandez,1482,1
Alessio Abbondanzieri,1482,1
Claudio Acevedo,1482,1
Daniel Melo,1482,1
Hermand De Bruin,1482,1
Alexander Seeger,1482,1
Carlos Yanez,1482,1
Cameron Spearman,1482,1
Hyun Seung Kim,1482,13
Emiliano Waisman,1482,1
Nicolas Ebran,1482,1
Helson Barros,1482,1
Federico Iraola,1482,1
Gabriel Pitta,1482,1
Tom Krug,1482,1
Javier Waase,1482,1
Gustavo Lima Ribeiro Gutta,1482,1
Justin Eleveld,1482,11
Federico Clara Figueroa,1482,7
Carlos Gomez Herrera,1482,16
Juan Pablo Ortiz,1482,42
Vlad Cirla,1482,7
Gustavo Junqueira De Andrade,1482,65
Luca Margaroli,1482,1
Issa Karorero,1482,2
Stefan Szacinski,1482,1
Mark Kovacs,1482,3
Alexander Pumpyanskiy,1482,1
David Agung Susanto,1482,1
Jamie Murray,1482,2
Sid Ali Akkal,1482,1
Luca Leonardi,1482,1
Alessandro Tombolini,1482,1
Perica Josic,1482,1
Giuseppe Guarnieri,1482,1
Alexander Reichel,1482,4
Demetrios Leontis,1482,1
Sebastian Prieto,1482,3
Harry Cicma,1482,1
Jaber Nouh,1482,1
Borja Martinez Lejarza,1482,1
Marco Gualdi,1482,1
Thomas Butz,1482,1
Marius Meiszies,1482,1
Jean Francois Berard,1482,2
Vasco Mensurado,1481,1
Mihail Gochev,1481,1
Armando Javier Boschetti,1481,1
Robert Belak,1481,33
Jarryd Bant,1481,1
James Bo Seal,1481,1
Kirill Kokhanov,1481,1
Mitchell Krueger,1481,1
Borislav Borovic,1481,1
Jonathan Hilaire,1481,3
Andrea Giallanza,1481,1
Bojan Szumanski,1481,31
Tomasz Kryzszkowski,1481,5
Joe Cooper,1481,1
Blaz Rola,1481,29
Vladislav Mateev,1481,1
Kairat Kosherov,1481,1
Liam Broady,1481,5
Emanuel Brighiu,1481,2
Javier Andres Liu Rivas,1481,1
Sam Gould,1481,1
Paolo Cane,1481,1
Omar Aboushalam,1481,1
Palanupap Puranawit,1481,1
Miroslav Stengl,1481,1
Enrique Naranjo,1481,1
Alexandru Florin Giurca,1481,1
Sergio Martinez,1481,1
Andrey Pozhidaev,1481,1
Pablo Nunez,1481,1
Joel Akerberg,1481,1
Lucas Marin,1481,1
Rami Osman,1481,1
Serge Carpentier,1481,1
Bart Brons,1481,12
Benjamin Lankenau,1481,1
Alfonso Gallo,1481,1
Zhanbolat Zhakupov,1481,1
Thomas Szewczyk,1481,1
Michal Wlodarczyk,1481,3
Dai Chiao Lin,1481,1
Miguel Alves,1481,1
Simon Aspelin,1481,1
Daniil Lunev,1481,1
Brian Wilson,1481,1
Jean Julien Rojer,1481,1
Ilhan Mutlu,1481,1
Jiri Vesely,1481,2
Philippe Poignon,1481,1
Thiago Mastroianni,1481,1
William Humphreys,1481,1
Lars Burgsmuller,1481,2
Jeremy Jahn,1481,33
David Florez Cohen,1481,1
Nutthanon Kadchapanan,1481,1
Lucas Gordilho,1481,1
Pier Francesco Prudentini,1481,1
Karim Sallemi,1481,1
Jan Pavlicek,1481,1
Quang Huy Ngo,1481,1
Eleftherios Christou,1481,1
Ethan Farbman,1481,3
Kittibodee Singnil,1481,1
Bojan Novkovic,1481,1
Matthew Illingworth,1481,94
Juan Lopez Vico,1481,1
Enrique Huelin Alvarez,1481,1
Martin Fafl,1481,28
George Alexandru Tatomir,1481,1
Franco Maddau,1481,1
William Ferreira,1481,1
Anderson Reed,1481,1
Johannes Pulsfort,1481,1
Francois Chatelle,1481,1
Jose Ignacio Lucca,1481,1
Kaysar Bekimov,1481,1
De Long Zhu,1481,1
Marcos Chiaretti,1481,1
Andre Tavares,1481,1
Matthew Pierot,1481,1
Albert Ochagavia Tobena,1481,1
Philippos Tsangaridis,1481,1
Shahbaaz Khan,1481,1
Claudio Masci,1481,1
Tobias Simon,1481,1
Nicolas Pinones Haltenhoff,1481,1
Pablo Martinez,1481,4
Petar Kaucic,1481,1
Lucas Renard,1481,1
Joshua Milton,1481,90
Hamad Abbas Janahi,1481,1
Francesco Mendo,1481,1
Kevin Hernandez,1481,1
Jeroen Claeys,1481,1
Daniel Winnewisser,1481,1
Aleksandar Bajin,1481,1
Andres Bucaro,1481,1
Lucas Engel,1481,1
Scott Dickson,1481,1
Rafael Reyes Salmeron,1480,1
Christopher Prutsch,1480,1
Brett Cromwell,1480,1
James Chaudry,1480,3
David Orces,1480,1
Alistair Felton,1480,1
Dragos Ioan Ghioc,1480,1
Vasile Alexandru Ghilea,1480,1
Phaninthon Pakpoomkamol,1480,1
Ivo Heuberger,1480,1
Michal Macko,1480,7
Nicklas Wingord,1480,2
Jan Axel Tribler,1480,1
Vinod Sridhar,1480,11
Slawomir Szeremeta,1480,1
Mathieu Monleau,1480,1
Stephan Hoiss,1480,1
Ruslan Chomaev,1480,1
Matthew Allare,1480,7
Markus Larcher,1480,1
Angelos Lenis,1480,1
Katsuki Nagao,1480,1
Luis Patino,1480,1
Luke Mcdonald,1480,1
Daniel Pazos,1480,1
Slobodan Mavrenski,1480,1
Bostjan Repansek,1480,1
Morteza Moaazam,1480,1
Patrick Flint,1480,1
Fernando Tapia,1480,1
Arko Zoutendijk,1480,1
Carlos Alfredo Suppa,1480,1
Zhe Li,1480,69
Fabian Balmaceda,1480,1
Marcelo Mazzetto,1480,1
Roope Kailaheimo,1480,1
Daniel Lencina Ribes,1480,1
Ruben Alapont Rubio,1480,1
Alexandre Prado,1480,1
Valentin Dima,1480,1
Giorgio Alessandrini,1480,1
Kriangkrai Prajoubphansri,1480,1
Ryutaro Ueki,1480,1
Rafik Zaher,1480,1
Sobir Ochilov,1480,1
Matt Fox,1480,7
Aleksandr Mityaev,1480,1
Aliaksandr Bulitski,1480,1
Amaury Gomez,1480,1
Antoni Gomez,1480,1
Asser Al Nokaly,1480,1
Atsushi Ushida,1480,1
Ben Chen,1480,1
Christian Saravia,1480,1
Christian Vitulli,1480,1
Christopher Haller,1480,1
Daniel Muller,1480,1
Daniel Rua,1480,1
Daniele Giuliani,1480,1
Davi Guimaraes,1480,1
David Thomson,1480,1
Demba Sow,1480,1
Diego Oliveira,1480,1
Fabio Tsuchiya,1480,1
Filipe Penteado,1480,1
Finn Meinecke,1480,1
Gregg Le Sueur,1480,1
Ignacio Carbonell,1480,1
Igor Wachter,1480,1
Ioan Farcas,1480,1
Janvier Mugwaneza,1480,1
Jason Engelhardt,1480,1
Jason Pinsky,1480,1
Javier Peris,1480,1
Jia Ping Xia,1480,1
Jim Slonac,1480,1
Joao Ferreira,1480,1
Joao Maio,1480,1
Joaquin Perez Cases,1480,1
Jorge Cavero,1480,1
Kevin Lietar,1480,1
Krunoslav Sven Lupis,1480,1
Leandro Faria Da Cunha,1480,1
Masato Yuhara,1480,1
Matheus Costa,1480,1
Matias Vittori,1480,1
Mihai Badescu,1480,1
Miloslav Dolezal,1480,1
Muhammad Waqas Malak,1480,1
Pau Salsench Pallares,1480,1
Philippe Brand,1480,1
Pim Van Mele,1480,1
Piotr Cialkowski,1480,1
Revaz Osadze,1480,1
Reza Kohastani,1480,1
Robert Lindberg,1480,1
Ruslan Legar,1480,1
Septimiu Fratila,1480,1
Sergio Barrera,1480,1
Somboon Prasanwan,1480,1
Stephen Donald,1480,1
Tomas Bohunicky,1480,1
Victor Begara,1480,1
Yvonick Rivat,1480,1
Amit Inbar,1480,4
Michael Trebuhov,1480,1
Ki Hun Jung,1480,1
Marlon Dal Pont,1480,1
Gregory Gumbs,1480,1
Marek Czerwinski,1480,1
Enrique Lopez Perez,1480,3
Kurt Thein,1480,1
Adrien Gombocz,1480,1
Andrei Stoliarov,1480,1
Sergiu Rogoveanu,1480,1
Zach Itzstein,1480,1
Enzo Pigola,1480,1
Wolfgang Wenus,1480,3
Jonathan Magadan,1480,1
Nick Savage Pollock,1480,1
Pablo Romero Alvarez,1480,1
Alejandro Gutierrez De La Maza,1480,1
Ketut Nesa Arta,1480,1
Jeremy Brouche,1480,1
Sasa Vidojevic,1480,1
Emiliano Mina,1480,1
Frank Carleton,1480,1
Francisco Pozzi Romanazzi,1480,1
Maximilian Diemer,1480,1
Christian Haupt,1480,1
Juan Carlos Sierra,1480,1
Diego Carrion,1480,1
Jonathan Parkes,1480,1
Masaki Sasai,1480,1
Jordi Marse Vidri,1480,57
Justin Jendruch,1480,1
Gwinyai Tongoona,1480,1
Brandon Burke,1480,1
Josh Barrenechea,1480,1
Maxime Chazal,1480,1
Jacob Melskens,1480,1
Vahe Assadourian,1480,1
Seung Joo Lee,1480,1
Ricardo Jorge,1480,1
Dusan Mihailovic,1480,1
Marious Zelba,1480,1
Sebastian Uriarte,1480,22
Juan Manuel Camilloni,1479,1
Patrick Mayer,1479,1
Michael Bois,1479,1
Andre Caiado,1479,1
Duje Tomasovic,1479,1
Thomas Zamora Fuentes,1479,1
Monday Igbinovia,1479,1
Aslan Karatsev,1479,1
Lawrence L Formentera,1479,1
Morteza Jamshidi,1479,1
Aurelien Defresne,1479,1
Mohamed Koubaa,1479,1
Vincenzo Ciccone,1479,1
Phillip Schulz,1479,1
Riccardo Bellotti,1479,9
Vinko Ojdanic,1479,1
Victor Garcia Gimeno,1479,1
Casey Watt,1479,1
Riccardo Sinicropi,1479,1
Rafael Sanchez Navas,1479,1
Tsvetan Petrov,1479,3
Lorenzo Cremonini,1479,1
Agustin Gonzalez Martin,1479,1
Martin Colenbrander,1479,1
Eui Yeol Yang,1479,1
Bogdan Djurdjevic,1479,1
Mikolaj Szmyrgala,1479,5
Matias Bobadilla,1479,1
Jovan Milic,1479,1
Hwa Soo You,1479,1
David Simson,1479,1
Wilfredo Gonzalez,1479,1
Ljubomir Celebic,1479,2
Masayoshi Tomita,1479,1
Gabriele Dutto,1479,1
Federico Valsangiacomo,1479,3
David Veza,1479,1
David Sofaer,1479,1
Andrei Dumitrascu,1479,1
Jeroen Benard,1479,1
Benjamin Mitchell,1479,14
Neishit Vakil,1479,1
Cristian Orduna Guzman,1479,1
Patrick Lubanski,1479,1
Guillaume Crasson,1479,1
Geert Jan Van Dijken,1479,1
Dusan Miljevic,1479,1
Njal Foss Stene,1479,1
Matteo Gotti,1479,1
Florent Walter,1479,10
Benjamin Rogers,1479,2
Ignacio Arroyo Cologan,1479,1
Krishananth Balakrishnan,1479,37
Ilya Karachun,1479,1
Lukasz Wodnicki,1479,1
Alvaro Cajigal,1479,1
Mario Correa,1479,1
Stephan Fransen,1479,37
Nicklas Szymanski,1479,1
Marco Jager,1479,1
Ilja Aradski,1479,1
Diego Alberto Maronna,1479,1
Victor Tiberiu Benea,1479,1
Mikhail Lew,1479,1
Tristan Gabriel,1479,1
Gonzalo Apaza,1479,1
Zachary Gilbert,1479,1
Chuhan Wang,1479,1
Leif Berger,1479,1
Alfredo Moreno,1479,10
Alexandru Raul Musat,1479,1
Blagovest Naidenov,1479,1
Arnau Sanz Sanz,1479,3
Jan Gattiker,1479,1
Rewat Kitprasertsakul,1479,1
Erick Eduardo Martinez Torres,1479,1
Bartosz Golas,1479,1
Aziz Yuldashev,1479,1
Chadd Valdes,1479,1
Stefan Seywald,1479,1
Saurav Sukul,1479,1
Roman Chmelik,1479,1
Alexander Malko,1479,1
Stefan Mitev,1479,1
Jordan Rux,1479,2
Federico Visioli,1479,1
Tim Matthewson,1479,1
Andrea Falgheri,1479,66
Michael Cressevich,1479,1
Mohammed Affes,1479,1
Francisco Vaca,1479,1
Nikita Rudenko,1479,1
Nathan Carvalho,1479,1
Jannick Lupescu,1479,2
Daniele Micolani,1479,1
Christopher Enser Boenisch,1479,1
Duncan Mugabe,1479,38
Bob Huuskes,1479,1
Nathan Rosenfeld,1479,4
Kyle Mcmorrow,1479,2
Michael Rehrl,1479,1
Mikelis Libietis,1479,1
Marcel Ruzic,1479,1
Roman Rohacek,1479,1
Yi Fan Yang,1479,1
Andrea Bortolon,1479,1
Ilija Martinoski,1479,41
Dario Perez,1479,1
Gabriel Maril Beltran,1479,1
Patrick Schmolzer,1479,29
Phillip Mohr,1479,1
Aba Omodele Lucien,1479,1
Janicije Sasha Karic,1479,1
Lakshit Sood,1479,1
Evghenii Corduneanu,1479,1
Muharrem Eroglu,1479,1
Mattia Errico,1479,1
Francesco Arciuli,1479,1
Davide Cannone,1479,1
Alexandru Robert Burlan,1479,1
Sergio Perez Perez,1478,35
Sebastian Gomez,1478,1
Davit Minasyan,1478,1
Lavry Sylvain Nyaba,1478,2
Nikita Soifer,1478,1
Giann Franco Meletto,1478,1
Tamas Batyi,1478,1
Yasuhito Kudo,1478,1
Nebojsa Peric,1478,2
Young Deok Cho,1478,1
Jean Gandonou,1478,1
Steven Gallacher,1478,1
Badr Bouabdellah,1478,1
Nurdaulen Baimakhanov,1478,1
Jonathan Martinez Galvan,1478,1
Patrick Daciek,1478,1
Mircea Dimofte,1478,1
Jaime Sanchez Canamares Rios,1478,1
Leonard Stakhovsky,1478,1
Julian Lenz,1478,1
Sergey Tuskov,1478,1
Kevin Soriano Lladser,1478,1
Hector Sanabria,1478,1
Oriol Roca Batalla,1478,1
Gabriel Bogdan Ciuntea,1478,1
Adria Mercadal Berenguer,1478,1
Ariel Martin Lucero,1478,1
Valter Mori Filho,1478,3
Thomas Paire,1478,2
Mehmet Nafiz Duru,1478,1
Dae Soung Oh,1478,2
Sascha Meis,1478,1
Rainier Nagel,1478,3
Konstantinos Kalaitzis,1478,1
Suk Young Jeong,1478,7
Joshua Ayala,1478,1
Steven Forman,1478,1
Kevin Andersson,1478,1
Evan Specht,1478,1
Gaston Brizuela,1478,1
Juan Diego Luzardo,1478,1
Martin Parra,1478,1
Sascha Hesse,1478,1
Dragomir Culjat,1478,1
Israel Sevilla,1478,1
Marco Bella,1478,52
Alexei Miller,1478,1
Ricardo David Mayagoitia,1478,1
Ryohei Ittogi,1478,1
Bryce Durham,1478,1
Federico Ciarrochi,1478,1
Tyler Chin,1478,1
Oleksandr Kazakov,1478,1
Hidekazu Ina,1478,1
Ettore Capello,1478,3
Yuichi Hasegawa,1478,1
Simon Samardzic,1478,1
Federico Useleti,1478,1
Daniel Matsubara,1478,1
Maxime Faniel,1478,1
Carlos Rodriguez Cabello Simon Altuna,1478,1
Klemen Kovacic,1478,1
Razvan Lazarenco,1478,1
Omar Ka,1478,1
Vugar Aliev,1478,1
Burak Vardal,1478,1
Karim Karrit,1478,1
Salifu Mohammed,1478,1
Ahmed Ali,1478,1
Diego Camacho,1478,2
Kirill Dmitriev,1478,6
Ya Hui Nie,1478,1
Alexey Vatutin,1478,1
Jan Guler,1478,1
Thiago Aguiar,1478,1
Takekazu Longhi,1478,1
Yuji Oyama,1478,1
Marc Beckles,1478,1
Fabio Biasion,1478,1
Guillermo Barron,1478,1
Miguel Angel Lopez,1478,1
Amir Shirazi,1478,2
Radoslaw Nijaki,1478,1
Xiao Long Yin,1478,1
Arnulfo Courtney,1478,1
Konstantin Lazarov,1478,1
Nikoloz Kurdadze,1478,1
Mauricio Fosado Lopez,1478,1
Carlos Manuel Flores Albiac,1478,1
Joey Swaysland,1478,1
Jose Alejos,1478,1
Javier Ottaviani,1478,1
Trenton Hagan,1478,1
Pablo Usin,1478,1
Jonathan Schneider,1478,1
Vladimir Uzhylovsky,1478,4
Loic Ducourau,1478,1
Sergio Sanchez Moruno,1478,1
Rustam Hajiyev,1478,1
Anoosha Shahgholi,1478,16
Gary Sacks,1478,7
Anton Sevastyanov,1478,1
Sergiu Margarit,1478,1
Rodrigo Scattareggia,1478,1
Horacio Giussani,1477,1
Michael Nuesslein,1477,1
Andre Cunha,1477,1
Ivan Kosec,1477,2
Orlando Puleo,1477,1
Hikaru Kawasaki,1477,1
Renato Nunes Dos Santos,1477,1
Joakim Bay Simonsen,1477,1
Sebastian Losavio,1477,1
Will Gray,1477,8
Jose Maria Fantova Sicre,1477,2
Federico Waidlich Chaves,1477,1
Masaki Harada,1477,1
Jay Goldman,1477,1
Adolfo Aires,1477,1
Miles Bugby,1477,1
John Morrissey,1477,1
Tomas Zivnicek,1477,3
Michel Meijer,1477,41
Evan Oneil,1477,14
Facundo Exequiel Cosma Miranda,1477,1
Jonathan Wolff,1477,6
Adelo Abadia,1477,1
Glen Kuma Mintah,1477,1
Cristian Gonzalez Mendez,1477,1
Christopher Nott,1477,2
Callum Lloyd,1477,1
Igor Okamoto,1477,1
Matthew Barton,1477,1
Ken Endo,1477,1
Lassine Kone,1477,1
Luca Pancaldi,1477,1
Pedro Gonzalez,1477,1
Gregory Levy,1477,1
Gianmarco Velez,1477,1
Sebastian Sachs,1477,1
Vinicius Botelho,1477,1
Edoardo Cimmino,1477,1
Joao Domingues,1477,1
Abdulhamid Mubarak,1477,1
Vladimir Geller,1477,1
Alejandro Trevino,1477,1
Esteban Vargas,1477,1
Vincenzo Primerano,1477,1
Igor Lakhno,1477,1
Chris Kearney,1477,3
Mousheg Hovhannisyan,1477,2
Xavier Morera Balcells,1477,5
Vojtech Blazek,1477,1
Thomas Ackerknecht,1477,1
Kyle Rowe,1477,1
Nian Feng,1477,1
Michael Tjuatjadarma,1477,1
Kossi Loglo,1477,5
Janis Mellups,1477,1
Rafael Bugiga,1477,1
Domenico Sano,1477,1
Lester Hippen,1477,1
Arsalan Mohammadi,1477,1
Luis Escudero Soler,1477,1
Ben Davis,1477,2
James Turbervill,1477,1
Kevin Krawietz,1477,9
Todd Volmari,1477,1
Adam Fabik,1477,1
Nicola Remedi,1477,1
Denys Pume,1477,1
Claudio Alvarado,1477,4
Franco Scaravilli,1477,3
Presiyan Koev,1477,1
Souleymane Ouedraogo,1477,3
Martin Nilsson,1477,1
Bryant Salcedo,1477,2
Juan Pablo Larrateguy,1477,1
Lucas Pigossi,1477,1
Yasuo Miyazaki,1477,1
Matias Guccione,1477,1
Ricardo Mena,1477,5
Ricardo Andrei Campos Contreras,1477,1
Bruno Del Granado,1477,1
Ali Sherif Al Marzooqi,1477,1
Pier Bismpikos,1477,1
Oscar Suarez,1477,1
William Ursule,1477,1
Alejandro Villegas,1477,1
Mark Fynn,1477,1
Federico Soriano Gallo,1477,2
Andrew Mcleod,1477,1
Farsad Shahi,1476,1
Philipp Piyamongkol,1476,1
Jose Carranza Jones,1476,1
Emilio Misas,1476,1
Yuriy Maslov,1476,1
Alexandros Baier,1476,1
Ernesto Arguello,1476,1
Abdelhak Hameurlaine,1476,2
Oskaras Kalinauskas,1476,1
Piotr Dilaj,1476,1
Aristotelis Mouratoglou,1476,1
Joao Pedro Duarte,1476,1
Americo Lanzoni,1476,2
Soma Kesthely,1476,2
Manoel Barbosa Andrade Neto,1476,1
Aboubacar Sigue,1476,2
Jose Garcia,1476,1
Jacek Szygowski,1476,1
Sebastien Hourcourigaray,1476,1
Jeff Dawson,1476,3
Ronaldo Carvalho,1476,1
Anthony Assal,1476,1
Diego Castillo,1476,1
Valentino Pest,1476,2
Andre Stabile,1476,16
Juan Andres Gomez,1476,5
Ryan Horgan,1476,1
Martin Durdik,1476,1
Jan Van Kwikkelberghe,1476,1
Anton Rabinov,1476,1
Mussa Hakizimana,1476,1
Cristobal Grandon Diaz,1476,1
Ettore Zito,1476,1
Vilim Visak,1476,29
Vjekoslav Skenderovic,1476,60
Szymon Tatarczyk,1476,1
Jules Marie,1476,1
Tin Horvatinovic,1476,1
Jose Carlos Fernandes,1476,1
Nysan Tan,1476,1
Stefan Bojic,1476,6
Victor Baluda,1476,1
Yury Shirshov,1476,3
Alexander Yarmola,1476,25
Mario Littieri,1476,1
Daniel Serur De La Torre,1476,1
Sergio Garcia Ferrandez,1476,1
Herve Karcher,1476,3
Jeremias Lima Perez,1476,2
Ashleigh Janke,1476,1
Vasil Mladenov,1476,30
Mikal Oliver Statham,1476,74
Alexandru Oichea,1476,1
Charles Graham,1476,1
Fahad Ali,1476,1
Prateek Bhambri,1476,1
Andrea Paciello,1476,1
Alexander Vydmysh,1476,1
Gengo Kikuchi,1476,2
Arda Coskunol,1476,1
Andres Kurdyla,1476,3
Carlos Guerrero Pancorbo,1476,1
Ivan Anikanov,1476,69
Hernus Pieters,1475,1
Louis Cant,1475,2
Clive Wright,1475,1
Nikola Petronijevic,1475,1
Eran Hecht,1475,1
Guilherme Frias,1475,1
Benjamin Ebrahimzadeh,1475,1
Carlos Gamez Duran,1475,1
Julien Lorenz,1475,2
Roberto Barraquero,1475,3
Kosho Shiono,1475,1
Askold Kuznetsov,1475,1
Nicolas Daniel Olguin,1475,1
Robin Fahgen,1475,1
Takero Akaba,1475,1
Mathieu Guenat,1475,89
Alexandru Joitoiu,1475,1
Kyle Stoker,1475,1
Georgi Revazishvili,1475,3
Daniel Mcgrath,1475,1
Kujtim Bajrami,1475,1
Vladimir Pavicevic,1475,4
Martin Cuevas,1475,24
Andre Guzman,1475,1
Alvaro Raposo De Oliveira,1475,56
Jhonatan Gonzalez,1475,1
Javier Padilla,1475,5
Martin Studeny,1475,2
Ki Soo Lee,1475,1
Giampaolo Zulli,1475,1
Sathi Reddy,1475,1
Alessandro Piccari,1475,29
Seung Hoon Ohuchi,1475,2
Enej Bonin,1475,4
Ramon Guedez,1475,1
Sumeet Shinde,1475,1
Adam Morgan,1475,1
Botir Sapaev,1475,1
Dane Propoggia,1475,41
Ricard Tubert,1475,1
Frederick Sletting Johnsen,1475,14
Chun Ming Yam,1475,1
Ying Zheng Wang,1475,1
Hubert Holzler,1475,13
Josip Juric,1475,4
Pavel Kuzin,1475,1
Javier Foronda Bolanos,1475,1
Julen Uriguen,1475,9
Bastian Winde Harbo,1475,1
Abdullah Qassim,1474,1
Alexandros Georgoudas,1474,2
Costin Paval,1474,43
Martin Muadi,1474,1
Simon Blomberg,1474,1
Patricio Heras,1474,36
Serafim Grozev,1474,9
Artem Ilyushin,1474,6
Menford Owusu,1474,1
Gustavo Kleine,1474,1
Patrick Tierro,1474,4
Hubert Gasiorek,1474,3
George Kallis,1474,1
Michal Walkow,1474,3
Alejandro Cabrera,1474,1
Miles Kasiri,1474,24
Malandro Ayala,1474,1
Christian Mohs,1474,2
Silviu Mistreanu,1474,1
Denis Markov,1474,1
Timofey Baranov,1474,2
Pablo Mora,1474,1
Alejandro Mendoza,1474,3
Ignacio Taboada,1474,2
Igor Shelyakin,1474,2
Rares Cuzdriorean,1474,4
Phil Whitesell,1474,5
Pirmin Haenle,1474,86
Adam Novak,1474,3
Andres Devletian,1474,1
Dominik Wirlend,1473,2
Christian Guevara,1473,6
Jerome Palaz,1473,1
David Hubbard,1473,1
Sam Kazemi,1473,1
Stanislav Pribylov,1473,1
Jedrzej Zarski,1473,23
Christian Kloimullner,1473,2
Ivan Potapov,1473,2
Dennis Ochieng,1473,1
Dusan Karol,1473,29
Kevin Harris,1473,1
Bernardo Peixoto Bertolucci,1473,1
Ricardo Rodeiro Stetson,1473,1
Scott Griekspoor,1473,2
Chris Haskett,1473,1
Mitchell Frank,1473,2
Rodrigo Schaefer,1473,2
Vivek Shokeen,1473,39
Diego Aguirre,1473,2
Tim Van Terheijden,1473,39
Dieu Donne Habiyambere,1473,1
Juan Vazquez Valenzuela,1473,43
Giacomo Vianello,1473,2
Alessandro Motti,1473,3
Mark Joachim,1473,2
Jose Pedro Silva,1473,2
Artem Tarasov,1472,2
Alex Llompart,1472,2
Gianni Mina,1472,10
Tom Farquharson,1472,3
Ivan Tsiganov,1472,1
Marc Meigel,1472,56
Ahmed Al Bitar,1472,2
Marc Dolcet,1472,2
Shahzad Khan,1472,4
Alex Theiler,1472,24
Yuuya Kibi,1472,14
Filippo Ribacchi,1472,1
Suresh Krishna,1472,1
Pavel Schalomov,1472,2
Maciek Sykut,1472,17
Cledson Carvalho,1472,15
Andrew Dottino,1472,2
Gaetano Marrone,1472,2
Mike Tarkowski,1472,1
Diego Puerto Jaimez,1472,2
Mahmoud Nader Al Baloushi,1472,2
Rodrigo Grilli,1472,5
Lubomir Majsajdr,1472,3
Korhan Ural Ates,1472,2
David Kvernadze,1472,1
Sorachet Uayporn,1472,2
Xin Yuan Yu,1472,43
Boris Arias,1472,1
Javier Peris Inigo,1472,1
Junior Ore,1472,4
Edesio Semencato,1471,32
Jun Ito,1471,8
Bart Beks,1471,16
Valentin Bazunov,1471,2
Shuang Qiang Liang,1471,5
Filip Horansky,1471,2
Wessim Derbel,1471,4
Tommy Garrison,1471,5
Claudio Fortuna,1471,16
Marc Vargas,1471,2
Marcin Chlebowski,1471,2
Eldar Artemiev,1471,1
Elwin Antony,1471,2
Marc Rigal Perez,1471,2
Jordan Kerr,1471,2
Trystan Meniane,1471,36
Ivan Kobzar,1471,2
Nikolai Fidirko,1471,29
Jesse Kiuru,1471,7
Raphael Lustenberger,1471,6
Ricardo Seritti,1471,2
Jose Zunino,1471,4
Santiago Celia,1471,2
Kevin Sorensen,1471,2
Ladislav Chramosta,1471,54
Harshana Godamanna,1471,29
Johnny Arcilla,1471,7
Bart Govaerts,1471,32
Ikaika Jobe,1471,18
Gerard Gallego Bertran,1471,5
Ricardo Ojeda Lara,1471,2
Nassim Slilam,1471,2
Muhd Ashaari Bin Zinal Abidin,1471,2
Abd Hazli Bin Zainuddin,1471,2
Ahmed Ismail,1471,2
Matteo Volante,1471,105
Danilo Zivanovic,1471,2
Gabriel Ries,1471,2
Moez Chargui,1471,2
Frederic De Fays,1471,55
Bruno Abdel Nour,1471,2
Jae Min Seol,1470,2
Alex Bolt,1470,2
Dmitry Kalyuzhny,1470,2
German Sanchez Delfin,1470,6
Arkaitz Manzarbeitia Ugate,1470,3
Wael Chami,1470,2
Thiago Vinicius Spanhol Zoller,1470,2
Eduardo Piragine,1470,2
Mattia Livraghi,1470,61
Jonas Pontus Norberg,1470,4
Mauro Ferrer,1470,8
Antonio Lupieri,1470,5
Steven Diez,1470,60
Oliver Snaider,1470,2
Eduardo Dischinger,1470,7
Goran Bosalevski,1470,1
Muhammad Khaliq Siddiq,1470,1
Ramiro Alexis Campos,1470,5
Otakar Lucak,1470,3
Emiliano Castellucci,1470,2
David Ollivier Baquero,1470,63
Gleb Sakharov,1470,22
Luis Ramos,1470,2
Sang Gyun Kim,1470,3
Ji Sup Lim,1470,2
Omar Altmann,1470,2
Benjamin Recknagel,1470,3
Dimitar Kuzmanov,1470,5
Daniel Jacobi,1470,2
Damon Gooch,1470,2
Daniel Kumlin,1470,16
Franco Tamagnone,1470,7
Pongsatorn Benjamas,1470,2
Timothy Patient,1470,5
Andreas Siljestrom,1469,22
Juan Manuel Melian Puigventos,1469,2
Laurent Bram,1469,1
Martin Ayala,1469,2
Ibrahim Abou Chahine,1469,1
Kirill Nasonov,1469,2
Antoine Escoffier,1469,2
Sozar Gokadze,1469,3
Luis Pablo Pechir,1469,2
Andre Cury,1469,9
Farzad Heidari,1469,2
Marco Ricardo Osorio,1469,2
Mirza Basic,1469,23
Pavel Vanis,1469,2
Piotr Zielinski,1469,11
Kazuya Tamura,1469,3
Francisco Dias,1469,5
Marko Baralic,1469,3
Rok Jarc,1469,2
Jose Roberto Burboa,1469,2
Antonio Di Gaetano,1469,8
Adrian Gavrila,1469,22
Stefan Roates,1469,2
Ross Wilson,1469,7
Mat Cloer,1469,2
Carlos Martinez,1469,2
Alexander Pelaez Herrera,1469,2
Hikaru Kinjo,1469,2
Bogdan Andrii,1469,3
Mohamed Mounir,1469,2
Takahiro Inoue,1469,7
Juan Agustin Alessio,1469,2
Jp Ritchie,1468,7
Kevin Sosa,1468,2
Eduard Stefan Pitian,1468,2
Herbert Wiltschnig,1468,24
Zlatan Kadric,1468,4
Young Hoon Jeong,1468,2
Jonathan Gomez,1468,3
Mihai Stoian,1468,2
Sebastian Chylinski,1468,3
Brett Joelson,1468,22
Abdulla Al Haji,1468,2
Carlos Palencia,1468,28
Wael Kilani,1468,8
Bowen Ouyang,1468,5
Brian Brogan,1468,2
Brian Compton,1468,3
Facundo Lugones,1468,4
Sergei Yaroshenko,1468,3
Dinko Halachev,1468,26
Patrik Rosenholm,1468,62
Vukasin Teofanovic,1468,2
Roman Recarte,1468,45
Abraham Ibrahim,1468,2
Francesco Picco,1468,7
Oscar Eduardo Dominguez,1468,2
Edward Seator,1468,35
Alejo Apud,1468,3
Sansan Dabire,1468,2
Ryan Preston,1468,3
Gino Asara,1468,2
Navinder Pal Singh,1468,2
Tzvetan Mihov,1468,29
Carlos Cuenca Navarro,1468,36
Jesus San Roman Garcia,1468,2
Alessandro Petrone,1468,2
Peter Shults,1468,26
Fernando Guillen,1467,2
Richard Gabb,1467,4
Jurgen Gundera,1467,6
Gabriel Gomez,1467,3
Ignacio Morente Gemas,1467,4
Gilbert Kibet,1467,2
Toshiharu Kato,1467,8
Mark Vervoort,1467,12
Jesus Francisco Felix,1467,4
Jakob Sude,1467,6
Ivan Arenas Gualda,1467,2
Joshua Zavala,1467,3
Marcin Domaszewicz,1467,6
Julian Mora,1467,4
Andemir Karanashev,1467,27
Yoo Soo Kim,1467,2
David Baxendine,1467,2
Dave Lingman,1467,4
Marcelo Melo,1467,6
Henrik Norfeldt,1467,55
Paul Mihai Puscasu,1467,49
Denis Milchenko,1467,4
Victor Komlev,1467,2
Rodrigo Ribeiro,1467,2
Alvaro Rodriguez,1467,2
Diego Hidalgo,1467,2
Norikazu Sugiyama,1467,21
Ramy Kamal Aita,1467,7
Philippe Schneider,1467,2
Marco Dierckx,1467,32
Petar Popovic,1467,27
Jaroslav Levinsky,1466,4
Theophile Segodo,1466,2
Igor Panin,1466,6
Lucian Gheorghe,1466,2
Frederick Saba,1466,2
Marcel Thiemann,1466,4
Rylan Rizza,1466,31
Robert Rumler,1466,6
Ryan Tanujoyo,1466,2
Jacques Cassagneau,1466,2
Marco Kirschner,1466,2
Andreas Neykov,1466,2
Joao Fernandes,1466,3
Edberg Espinoza Guerrero,1466,4
Tomas Hrabec,1466,2
Mikolaj Borkowski,1466,2
Alexander Stakheev,1466,8
Dewald Linde,1466,2
Nicholas Bjerke,1466,2
Hiroyasu Ehara,1466,3
Adam Majchrowicz,1466,2
David Munoz,1466,2
Emir Aliti,1466,2
Daniel Schmitt,1466,2
Vinko Lelas,1466,2
Ivan Djurdjevic,1466,34
Joao Camara,1466,2
Alberto Tosti Croce,1466,2
Ashwin Kumar,1466,29
David Jeflea,1466,4
Tony Pudico,1466,2
Predrag Nedeljkovic,1466,2
Barry Fagan,1466,2
Krzystof Muzalewski,1466,2
Artur Khachatryan,1466,2
Diego Jose Manrique Velazquez,1466,2
Phillip Regnat,1466,28
Federico Paskvan,1466,28
Direnc Bada,1466,2
Cristian Alvarez,1466,4
Christoffer Konigsfeldt,1466,8
Danilo Petrovic,1465,3
Laurent Silvy,1465,4
Hugo Dellien,1465,2
Admire Mushonga,1465,2
Sebastian Salazar,1465,2
Patrick Telawetz,1465,35
Rok Ursic,1465,2
Caio Claudino,1465,2
Hyung Chan Lim,1465,7
Pablo Manuel Montoro Gimenez,1465,2
Carlos Llanes,1465,2
Santiago Romero,1465,2
Jonas Luetjen,1465,3
Alexei Milner,1465,2
Carlos Eduardo Severino,1465,32
Juan Carlo Acuna Gerard,1465,5
Tomas Janci,1465,3
Luke Saville,1465,4
Arturs Kazijevs,1465,2
Alex Sanders,1465,2
Pablo Perez,1465,2
Ilija Vucic,1465,41
Luciano Silva,1465,2
Demetre Taktakishvili,1465,5
Giovanni Galuppo,1465,2
Jesper Saarni,1465,2
Pascal Benz,1465,2
Gerald Kamitz,1465,22
Borja Gutierrez De La Maza,1465,2
Scott Robertson,1465,4
Morgan Lesur,1465,2
Robin Kern,1465,2
James Feaver,1465,81
Lars Behlen,1465,2
Christopher Simpson,1465,2
Juan Samuel Arauzo Martinez,1465,2
Carlos Boluda Purkiss,1465,18
Dmitry Frumkin,1465,4
Kingsley Enosoregbe,1465,2
Marton Fucsovics,1464,5
Nicolas Beuque,1464,7
Joaquin Jesus Monteferrario,1464,59
Andres Quijada,1464,2
Mbonisi Ndimande,1464,4
Ofir Ginat,1464,2
Daniel Yoon,1464,2
Taylor Fogleman,1464,3
Kirill Savoskul,1464,2
Rogier Wassen,1464,5
Ross Connolly,1464,2
Ramon Gonzalez,1464,2
Rodrigo Urquiaga,1464,2
Ricardo Martin,1464,2
Thomas Jun Facchini Takemoto,1464,3
Kevin Taylor,1464,2
Jamie Gresh,1464,6
Mateo Galdon,1464,2
Stefan Milenkovic,1464,2
Hui Zhang,1464,2
Ioan Alexandru Cojanu,1464,23
Paul Hanley,1464,2
Joji Miyao,1464,2
Sean Berman,1464,6
Franjo Raspudic,1463,6
Marko Strilic,1463,4
Pitchaya Limpimprorh,1463,2
Mathew James,1463,4
Pedro Villar Almiron,1463,2
Sami Huurinainen,1463,14
Alexandr Kushakov,1463,3
Matheson Klein,1463,35
Vijay Kannan,1463,15
Oscar Jose Gutierrez,1463,2
Alon Faiman,1463,2
Yac Verdugo,1463,2
Ergun Zorlu,1463,27
John Paul Fruttero,1463,22
Marlu Jansen Van Vuuren,1463,2
Leo Rosenberg,1463,2
Deepinder Bains,1463,2
David Zimmermann,1463,2
Beka Komakhidze,1463,5
Ruan Roelofse,1463,12
Yu Takahashi,1463,2
Florin Dimitrie Sorodoc,1463,3
Motaz Abou El Khair,1463,54
Marcel Goodman,1463,2
Hayato Matsuda,1463,2
Troy Gillham,1463,4
Christoph Thiemann,1463,2
Ricardo Corrente,1463,3
Olivier Sajous,1463,11
Marin Milan,1462,2
Houssam Yassine,1462,5
Chuan Jiang,1462,2
Rodrigo Albano,1462,14
Albert Larregola Cortezon,1462,2
Younes Rachidi,1462,45
Bart Van Monsjou,1462,14
Julian Rodriguez,1462,2
Valentin Rahmine,1462,2
Tilen Zitnik,1462,2
Juan Lizariturry,1462,22
Matthias Kolbe,1462,14
Mastrelia Antonio,1462,2
Maximilian Neuchrist,1462,5
Thomas Schoeck,1462,18
Simon Cauvard,1462,20
Ju Hae Moon,1462,7
Borja Zarco,1462,2
Philipp Marx,1462,11
Marko Begovic,1462,2
Shin Kamiya,1462,2
Bojan Zdravkovic,1462,3
Mathieu Goven,1462,9
Djanibek Orazoliev,1462,2
David Nylen,1462,3
Daniel Dossetor,1462,2
Roel Oostdam,1462,32
Tobias Blomgren,1462,4
Damian Guichonet,1462,60
Nikita Kushnarev,1462,2
Kamil Pajkowski,1462,2
Pavel Filin,1462,5
Oliver Golding,1461,6
Simone Golia,1461,2
Yeboua Koffi Etienne Bini,1461,2
Vikas Chauhan,1461,2
Willian Franco,1461,16
Tunde Segodo,1461,2
Benjamin Devos,1461,2
Marwan Gaber,1461,3
Brian Battistone,1461,5
Thomas Tomczak,1461,2
Yuya Tanaka,1461,2
Morgan Mannarino,1461,5
Jaime Vazquez Catoira,1461,3
Mate Major,1461,2
William Dorantes Sanchez,1461,2
Romain Cabrillon,1461,2
Ace Alexander Christoffer Neumann,1461,2
Joe Hatto,1461,2
Jakhongir Jalalov,1461,2
Alexander Perez Cortes,1461,2
Santiago Espinosa,1461,2
Marko Lenz,1461,12
Fahd Mezzour,1461,2
Luka Kukulic,1461,3
Steffen Dierauf,1461,2
Jason Kubler,1461,4
Luis Fernando Ramirez,1461,2
Maxime Quinqueneau,1461,18
Saeid Ahmadvand,1461,6
Mahmoud Ezzat,1461,2
Sunday Emmanuel,1461,28
Christophe Lenzi,1461,12
Tom Allen,1461,3
Paolo Naldi,1461,3
Andrea Patracchini,1461,2
Kokou Missodey,1461,2
Miguel Almeida,1460,8
Martin Kildahl,1460,3
Dominic Ross Hurst,1460,2
Peng Gao,1460,9
Catalin Gard,1460,27
Nicolas Barrientos,1460,2
Shunrou Takeshima,1460,10
Allen Perel,1460,5
Constantin Sturdza,1460,2
Tomas Toman,1460,3
Alan Poric,1460,3
Alexandru Catalin Marasin,1460,3
Kevin Mcduffee,1460,2
David Estruch,1460,46
Andrew Thomas,1460,33
Luis Delgado,1460,2
Cheikh Salif Kante,1460,2
Gaetan De Lovinfosse,1460,6
Carlos Rexach Itoiz,1460,60
Guo Bin Cen,1460,2
Jackson Bodle,1460,2
Vincent Boginoff,1460,2
Matias Supan,1460,2
Beka Buchukuri,1460,4
Slimane Saoudi,1460,5
Pablo Pires De Almeida,1460,4
Rhyne Williams,1460,33
Joe Young,1460,2
Alexander Chen,1460,2
Christopher Lawson,1460,3
Kaza Vinayak Sharma,1460,2
Alexander Tavkhelidze,1460,4
Pavel Krainik,1460,3
Jun Chao Xu,1459,70
Paul Warkentin,1459,4
Walter Kubicka,1459,2
Ivan Vukovic,1459,31
Alejandro Arias,1459,2
Mitja Zajsek,1459,2
Juan Pablo Munoz Constantine,1459,2
Ali Ismaeel,1459,2
Simone Muresu,1459,4
Stanislav Vovk,1459,20
Lukas Vrnak,1459,2
Nikola Vuckovic,1459,2
Jonathan David,1459,6
Rouslan Nourmatov,1459,2
Sulaiman Al Rawahi,1459,2
Marko Stanic,1459,2
Matteo Civarolo,1459,6
Hassan Bassel,1459,8
Pietro Jordao,1459,2
Fares Kilani,1459,2
Kryce Didier Momo Kassa,1459,2
Nicolas Tourte,1459,10
Jeremie Cayla,1459,3
Stecy Ibinga Missou,1459,2
Luis David Martinez,1459,68
Teri Groll,1459,6
Dor Amir,1459,2
Tomislav Brkic,1459,18
Hyung Tae Kwon,1459,20
Tomislav Ternar,1459,30
Enrique Robles,1459,2
Ashley Watling,1458,6
Mason Fuller,1458,2
Guilherme Destefani,1458,2
Mlandeli Ndlela,1458,3
Jordan Miles,1458,2
Jacob Avellan,1458,2
Madou Keita,1458,2
Kirill Sinitsyn,1458,3
Ricards Opmanis,1458,2
Palash Tiwari,1458,2
Sean Wheatley,1458,2
Philippe Oudshoorn,1458,5
Thiago Monteiro,1458,3
Celestin Nkoueleue,1458,4
Fernando Marquez,1458,4
Filip Rams,1458,2
Vitor Requiao,1458,21
Luis Javier Naranjo,1458,2
Adil Shamasdin,1458,41
Connor Smith,1458,2
Soren Wedege,1458,10
Narcisse Lekama,1458,2
Nikolai Nesterov,1458,2
Christian Bergh,1458,4
Lucas Victolo Pereira,1458,6
Joao Silverio,1457,2
Patrick Eichenberger,1457,35
Marcel Radev,1457,2
Leonardo Nahar,1457,2
Shotaro Suzuki,1457,2
Juan Pablo Seminara,1457,2
Peter Suran,1457,2
Romain Hardy,1457,45
Mikhail Bril,1457,2
Florian Farnleitner,1457,2
Evgeny Prokhorenko,1457,2
Arnar Sigurdsson,1457,2
Marc Giner,1457,37
Diogo Cruz,1457,2
Diego Prado,1457,3
Victor Carneiro Melo,1457,2
Sebastian Serrano,1457,18
Fariz Mohammed,1457,4
Yannick Nelord,1457,24
Taiwo Owolabi,1457,8
Robert Coman,1457,48
Ryan Lipman,1457,3
Michael Tymkiw,1457,2
Ludovic Crampon,1457,3
Tom Kocevar Desman,1457,5
Ashutosh Singh,1457,35
Pedro Zanotelli,1457,2
Lewis Barnes,1457,2
Richard Brooks,1457,5
Amir Soheil Mohseni,1457,8
Marvin Netuschil,1457,4
Yuri Radomsky,1457,9
David Sodek,1457,33
Tadas Tarasevicius,1457,3
Edgar Pallares Garcia,1457,3
Krisztian Krocsko,1457,8
Sean Thornley,1457,78
Ilia Kushev,1457,3
Carlo Von Hanstein,1456,4
Pedro Bernardi,1456,2
Jibran Mohammadi,1456,3
Benjamin Ugarte,1456,3
Ali El Alaoui,1456,2
Ricardo Soriano Gallo,1456,4
Takuto Niki,1456,16
Chang Hoon Lee,1456,5
Peter Aarts,1456,6
Robert Yim,1456,4
Luigi Esposito,1456,3
Damian Hume,1456,5
Gonzalo Lama,1456,2
Julien Gely,1456,3
Christopher Marquis,1456,7
Fernando Cabrera,1456,6
Catalin Petre Nedelescu,1456,4
Joao Pedro Sorgi,1456,8
Alexander Rojas,1456,3
Dmitriy Makeyev,1455,13
Julien Dubail,1455,45
Patrick Pradella,1455,13
Federico Sabogal,1455,2
Ivelin Kolev,1455,2
Juan Rodriguez,1455,4
Tiago Slonik,1455,22
Steffen Zornosa,1455,12
Pedro Guimaraes,1455,2
Jonathan Kinsella,1455,29
Haluk Akkoyun,1455,35
Benjamin George Levi,1455,3
Andrew Gregory,1455,41
Tommi Laine,1455,5
Harry Fowler,1455,3
Nicholas Edlefsen,1455,23
Jose Manuel Limon,1455,2
Andrzej Grusiecki,1455,13
Daniel Tyntaryov,1455,2
David Catala Velasco,1455,2
Jurgens Strydom,1455,2
Stefano Travaglia,1455,27
Jordan Szabo,1455,3
Bruno Alvarez,1455,3
Joseph Huber,1455,3
Alexander Zhurbin,1454,6
Endika Sanchez Celada,1454,2
Ahmed Moumni,1454,5
Young Jae Kim,1454,3
Salvador De La Torre,1454,3
Philippe Grandjean,1454,3
Matthew Leahy,1454,7
Andrei Plotniy,1454,79
Stanislav Zhuravski,1454,2
Victor Morales,1454,26
Alexandru Raul Lazar,1454,48
Tristan Samuel Weissborn,1454,7
Sun Yong Kim Jr,1454,37
Oleksiy Zhornyak,1454,13
Rasmus Moller,1454,6
Cyprian Pisarek,1454,12
Matheus Pereira,1453,7
David Oleary,1453,3
Abdul Mumin Babalola,1453,7
James Cluskey,1453,9
Huai En Chang,1453,5
Fabricio Varas,1453,2
Marco Stancati,1453,3
Michal Konecny,1453,26
Vadim Alekseenko,1453,64
Roman Margoulis,1453,2
Ashley Hewitt,1453,8
Alberto Rodriguez Cervantes,1453,19
Markus Kanellos,1453,4
Marko Boskovic,1453,3
Juan Enrique Crosa,1453,8
Daniel Glancy,1453,15
Purav Raja,1453,37
Julian Busch,1453,4
Travis Parrott,1453,3
Patrick Knobloch,1453,5
Mikhail Karpol,1453,9
Marek Pokrywka,1452,3
Francois Arthur Vibert,1452,23
Gibril Diarra,1452,3
Alexandre Penaud,1452,56
Roman Piftor,1452,3
Frederic Nussbaum,1452,29
Mohamed El Sohafy,1452,3
Franck Pepe,1452,2
Jorge Montero,1452,15
Mateusz Szmigiel,1452,27
Robert Phillips Pd13,1452,18
Nadin Teofil Indre,1452,4
Dennis Lajola,1452,8
Tristan Jackson,1452,3
Dimitrije Tasic,1452,2
Nathaniel Schnugg,1452,3
Tugay Koylu,1452,8
Jared Drucker,1452,12
Jicham Zaatini,1452,2
Fernando Archila,1452,3
Eden Peleg,1452,3
Himananshu Mali,1452,4
Robert Buyinza,1452,2
Lucas Oliveira,1452,4
Ralph Regus,1452,13
Edgar Hernandez Perez,1452,10
Luciano Daher,1452,3
Marvin Rolle,1451,8
Juan Jose Leal Gomez,1451,3
Balazs Novak,1451,5
Dmitry Sventitsky,1451,6
Tanveer Ashiq,1451,2
Gregory Chambaz,1451,6
Tennys Sandgren,1451,20
Majdi Salim,1451,3
Riccardo Azzarita,1451,4
Boran Poljancic,1451,8
Josko Topic,1451,13
Alexander Lazov,1451,25
Dominic Pagon,1451,2
Ignacio Martire,1451,33
Jonathan Greczula,1451,5
Miha Mlakar,1451,3
Yuya Tomisaki,1451,5
Kehinde Alade,1451,3
Andros Gallego Arostegui,1451,6
Christoph Radecke,1450,4
Victor Schmid,1450,3
Hao Lu,1450,8
Damar Johnson,1450,2
Guillermo Nicol,1450,3
Jarryd Chaplin,1450,3
Sina Adabi,1450,2
Tom Rushby,1450,4
Goran Jukopila,1450,3
Dominic Metzger,1450,13
Antonio Arce,1450,5
Gleb Alekseenko,1450,46
Ji Shi,1450,9
Sam Barry,1450,3
Jasmin Ademovic,1450,3
Nick Trkulja,1450,25
Devin Mullings,1450,19
Gustavo Guerses,1450,3
Faris Akhazzan,1450,3
Valentin Mihai,1450,4
Xander Spong,1450,8
Eduardo Javier Autran Niedbalski,1450,3
Antonio Ruiz Rosales,1450,50
Vahid Mirzadeh,1450,16
Pulkit Mishra,1449,2
Corrado Pricone,1449,5
Kresimir Ritz,1449,14
Bas Van Der Valk,1449,26
Rahil Makharia,1449,6
Artem Isaev,1449,5
Lucas Lopasso,1449,11
Henry Atseye,1449,3
Arata Onozawa,1449,71
Tobias Summerer,1449,8
Edualdo Bonet De Gispert,1449,6
Vasilis Ventouris,1449,2
Vitaliy Kachanovskiy,1449,3
Nicolaas Scholtz,1449,7
Alexander Sarkissian,1449,4
Yordan Kanev,1449,5
Hsien Yin Peng,1449,16
Prajnesh Gunneswaran,1449,12
Jake Eames,1449,12
Lorenzo Di Giovanni,1449,4
Bence Gyula Toth,1449,3
Jagdish Tanwar,1448,20
Mikhail Balmashev,1448,12
Jarryd Maher,1448,37
Filip Spasojevic,1448,3
George Morgan,1448,5
Derek Schwandt,1448,3
Andre Straka,1448,7
Fabio Colangelo,1448,28
Hiromasa Oku,1448,13
Bruno Hamann,1448,3
Andriej Kapas,1448,47
Gabriel Pimentel,1448,3
David Veliz Lepe,1448,14
Asim Shafik,1448,4
Juan Carlos Ramirez,1448,14
Matias Alejandro Hatem,1448,3
Ralph Grambow,1448,12
Chris Priddle,1447,3
Dmitri Marfinsky,1447,5
Jose Antonio Fuentes Tevar,1447,6
Dalibar Ptak,1447,3
Daniel Pfeiffer,1447,5
Akito Higa,1447,18
Austin Karosi,1447,3
Denis Yevseyev,1447,5
Tuna Altuna,1447,21
Sergio Monges,1447,5
Alec Witmeur,1447,11
Thomas Knights,1447,4
Marcus Daniell,1447,58
Araik Arutunyan,1447,3
Fred Hemmes,1447,11
Sebastian Ionescu,1447,3
Peter Steinberger,1447,25
Sonchat Ratiwatana,1447,7
Aaron Dujovne,1447,16
Duilio Beretta,1447,14
Chris Letcher,1447,10
Jean Zietsman,1446,16
Arthur Mattos,1446,3
Ilia Starkov,1446,16
Chung Su Chen,1446,3
Martin Trueva,1446,6
Michel Alexandre Rioux,1446,3
Ouassel Hared,1446,3
Gonzalo Garzon,1446,3
Dariusz Lipka,1446,3
Sandro Ehrat,1446,8
Frank Burkholder,1446,3
Sekou Bangoura,1446,14
Niall Fitzgerald,1446,3
Michael Ray Pallares Gonzalez,1446,4
Artem Baradach,1446,3
Lukas Jastraunig,1446,5
Robert Makzoume,1446,5
James Marsalek,1446,8
Davide Melchiorre,1446,5
Rumen Gospodinov,1445,5
Andrew Mawire,1445,6
Fumiaki Kita,1445,7
Mariano Benedicti,1445,3
Jalil Khan,1445,6
Daniel Chu,1445,5
Tadayuki Longhi,1445,5
Rasmus Norby,1445,20
Constantin Belot,1445,5
Strahinja Bobusic,1445,11
Richard Waite,1445,37
Murilo Martiniano,1445,3
Idio Escobar,1445,29
Robert Dee,1445,3
Ash Misquith,1445,3
Marek Mrozek,1445,4
Daniel Sotomarino,1445,9
Adrian Daniel Simon,1445,7
Mehdi Benhammou,1445,3
Jose Manuel Garcia Rodriguez,1444,11
Morten Ritslaid,1444,3
Sudanwa Sitaram,1444,7
Micke Kontinen,1444,3
Marvin Barker,1444,14
Kelsey Stevenson,1444,3
Jakub Lustyk,1444,32
Marko Djokovic,1444,7
Andrej Kurtis,1444,3
Andrei Savulescu,1444,17
Patrik Brydolf,1444,14
Arnaud Agniel,1444,3
Antonio Martin Velez,1444,9
Ricardo Urzua Rivera,1444,50
Takashi Yoshii,1444,3
Evthimios Karaliolios,1444,39
Cesar Escobar Serrano,1444,3
Jordi Samper Montana,1444,67
Valentin Florez,1444,10
Artur Chernov,1444,32
Navid Johannigmann,1444,3
Sasa Stojisavljevic,1443,37
George Barth,1443,3
Tak Khunn Wang,1443,11
Eduardo Bencke,1443,4
David Barclay,1443,3
Hiroyasu Sato,1443,8
Matias Silva,1443,20
Nicola Ghedin,1443,16
Maverick Banes,1443,11
Juan Carlos Rebaza Lozano,1443,4
Daniel Omana,1443,7
Sebastian Lopez,1443,6
Tim Hewitt,1443,13
Takahiro Terachi,1443,12
Timothy Bradshaw,1443,36
Egor Kovalev,1443,12
Rodrigo Gomez Saigos,1443,43
Mahmoud Ezz,1442,22
Facundo Mena,1442,5
Grant Ive,1442,6
Stefan Perez Senent,1442,3
Oliver Borsos,1442,4
Jakhongir Khaydarov,1442,3
Lazar Magdincev,1442,9
Nicolas Pastor,1442,61
Jesus Bandres,1442,12
Roberto Ortega Olmedo,1442,12
Sahr Timothy Kpulun,1442,6
Norbert Gombos,1442,10
Richard Hampel,1442,6
Nikola Dimitrov,1442,3
Matias Omar Tello,1442,7
Sho Aida,1442,4
Philip Barlow,1442,15
Aleksandr Agafonov,1442,55
Franco Echenique,1442,3
Maciej Rajski,1441,6
Markus Berg,1441,3
Tuomo Ojala,1441,3
Christopher Price,1441,3
Finn Tearney,1441,13
Cosmin Georgescu,1441,6
Vladimir Zinyakov,1441,8
Alexandru Grigorita,1441,3
Barkin Yalcinkale,1441,5
Georgi Jordanov,1441,5
Adrian Marin Dancescu,1441,7
Ankit Sachdeva,1441,3
Shahin Khaledan,1441,12
Chin Yu Huang,1441,11
Eoin Heavey,1441,5
Guillem Collado Castells,1441,4
David To,1441,10
Alexander Hillbricht,1441,3
Manolis Glezos,1441,14
Sydney Jim,1441,3
Alexey Nesterov,1441,3
Orlando Superlano,1440,6
Viju George Jr,1440,6
Dennis Nevolo,1440,12
Tulio Davila,1440,3
Alessandro Bega,1440,11
Pascal Brunner,1440,28
Jan Marek,1440,5
David Uquillas,1440,5
Juan Manuel Agasarkissian,1440,15
James Duckworth,1440,9
Gabriel Alejandro Hidalgo,1440,7
Emiliano Garcia Blanksman,1440,6
Jeffrey Mira Svensson,1439,8
Emilio Rodriguez,1439,41
Marco Mokrzycki,1439,10
Yu Jr Wang,1439,42
Victor Costa Valente,1439,4
Andres Herrera,1439,6
Slah Mbarek,1439,11
Yannick Maden,1439,6
Pierre Hugues Herbert,1439,4
Vladislav Dubinsky,1439,4
Leonardo Lapentti,1438,4
Uriel Oquendo,1438,6
Nicolas Salama,1438,4
Kiril Tcherveniachki,1438,5
Jose Benitez,1438,7
Satoshi Yoshino,1438,8
Tadej Turk,1438,6
Federico Raffaelli,1438,33
Nicolo Marchioretto,1438,3
Jean Claude Gasigwa,1438,3
Mauricio Garcia,1438,4
Tomohiro Shinokawa,1438,3
Matteo Marfia,1438,11
Timothy Neilly,1438,23
Mithun Murali,1438,16
Peerakit Siributwong,1438,49
Wesley Koolhof,1438,5
Francesc Montanes Roca,1438,11
Israel Vior Diaz,1438,3
Jonathon Cooper,1438,13
Nicolas Pizzi,1438,9
Logan Mackenzie,1437,4
Yury Vaschenko,1437,3
Carlos Gonzalez De Cueto,1437,8
Francesco Garzelli,1437,6
Alex Bothe,1437,5
Matias Sborowitz,1437,4
Akre Francis Koffi,1437,4
Leon Ojalvo,1437,6
Vedran Siljegovic,1437,16
Samuel Sanchez Rello,1437,4
Antoine Feret,1437,30
Yash Rawal,1437,3
Weerapat Doakmaiklee,1437,49
Matteo Mauri,1437,10
Takahiro Ittogi,1437,10
Krishik Divakar,1437,5
Jose Gerardo Meza,1437,5
Oscar Podlewski,1437,3
Lorenzo Papasidero,1436,5
Adam Hubble,1436,38
Erkin Aliyev,1436,3
Vyacheslav Lytvynenko,1436,3
Ciprian Alexandru Porumb,1436,5
Daniel Geib,1436,17
Kirill Sirin,1436,3
David Klier,1436,39
Cristian Rodriguez,1436,23
Wan Gao,1436,9
Jakub Cymorek,1436,4
Sergey Strelkov,1436,7
Sho Katayama,1436,11
Dragos Cristian Mirtea,1435,24
Dinmukhammed Yessenkulov,1435,3
Leonel Vivas,1435,13
Chris Harfield,1435,6
Cory Phillips,1435,5
Juan Carlos Saez,1435,14
Tibor Simic,1435,17
Tzu Yang Lin,1435,8
Sardor Pulatov,1435,3
Matthias Dorfler,1435,24
Rynat Khusainov,1435,8
George Coupland,1435,10
Maksim Tikhomirov,1435,4
Emil Alikhanbekov,1435,4
Constantin Cristian Tanase,1435,6
Stefan Hardy,1435,11
Alejandro Garcia Ferrero,1435,5
Alejandro Vargas,1434,5
Juan Beaus Barquin,1434,15
Francisco Chaves,1434,6
Thibault Venturino,1434,5
Nick Cavaday,1434,19
Rodolfo Bustamante,1434,8
Nick Van Rosberg,1434,3
Andre Baran,1434,38
Yannick Fattebert,1434,4
Xavier Audouy,1434,14
Rihards Emulins,1434,4
Ryota Hisamatsu,1434,9
Ya Nan Ma,1434,18
Jan Satral,1433,11
David Costa Soria,1433,4
Deni Zmak,1433,29
Evan King,1433,5
Michal Franek,1433,13
Ivan Galic,1433,7
Sadio Doumbia,1433,7
Mark Mccook,1433,29
Alexey Iremashvili,1433,8
Oscar Rodriguez Sanchez,1433,11
Marcus Weiglhofer,1433,7
Nodar Itonishvili,1433,16
Thiago Gomes De Almeida Pfrimer,1433,9
Tristan Farron Mahon,1433,38
Adrian Vodislav,1432,7
Lawal Shehu,1432,8
Whit Livingston,1432,4
Tyler Kelly,1432,3
Victor Gonzalez,1432,9
Vignesh Peranamallur,1432,40
Dong Whee Choi,1432,12
Anis Ghorbel,1432,4
Valentin Palas,1432,12
Enrico Iannuzzi,1432,62
Marco Aurelio Sanchez,1432,4
Edward Corrie,1432,7
Ayrton Wibowo,1432,8
Hassan Al Mousa,1432,3
Wojciech Starakiewicz,1431,7
Lukas Weinhandl,1431,6
Andrea Fava,1431,12
Andrew Roberts,1431,15
Issa Cuma,1431,5
Goncalo Pereira,1431,15
Khachatur Khachatryan,1431,9
Igor Bujdo,1431,27
Zachary Van Min,1431,35
Claudio Romano,1431,12
Ezequiel Krivulin,1431,7
Stefan Dmitrovic,1430,6
Marco Speronello,1430,8
Stefan Radu Leonte,1430,4
Christopher Rungkat,1430,23
Paris Gemouchidis,1430,34
Augustine Nwokedi,1430,5
Christoph Lessiak,1430,28
Marco Di Vuolo,1430,26
Jan Tavcar,1430,16
Rafael Martinez,1430,10
William Boe Wiegaard,1430,4
Sergey Shipilov,1430,4
Diego Matos,1430,67
Aleksey Bessonov,1430,10
Lorenzo Cannella,1429,9
Sanchai Ratiwatana,1429,8
Bui Tri Nguyen,1429,5
Paul Bishop,1429,8
Geoff Gehrke,1429,4
Raymond Sarmiento,1429,10
Brendan Moore,1429,15
Edward Allinson,1429,5
Rafal Gozdur,1429,10
Omar Erramy,1429,10
Jim Thomas,1429,7
Aleksandar Maric,1429,11
Andres Garriga Rivero,1429,15
Tetsuya Chaen,1429,13
Adrian Forberg Skogeng,1428,5
Zoran Golubovic,1428,46
Mauricio Astorga,1428,11
Yann Dupuy,1428,6
Stephane Piro,1428,54
Gilad Berman,1428,12
Konstantinos Mikos,1428,14
Pedro Feitosa,1428,38
Serizhan Yessenbekov,1428,4
Roberto Lau,1428,6
Llaurentiu Ady Gavrila,1428,25
Jacopo Marchegiani,1428,18
Mehdi Jdi,1428,8
Jimy Szymanski,1428,4
Dmitri Perevoshchikov,1428,26
Mohammed Al Nabhani,1428,9
Jae Won Choi,1428,12
Radames Ries,1428,7
Jean Francois Merven,1428,6
Heinrich Heyl,1428,10
Eddy Chala,1427,23
Joao Oliveira,1427,6
Niall Angus,1427,10
David Nord,1427,11
Justin Kronauge,1427,7
Dmytro Kamynin,1427,4
Mario Eckardt,1427,13
Nicolas Rosenzweig,1427,10
Erik Crepaldi,1427,31
Nicolas Grammare,1427,10
Adam Fass,1427,26
Danail Tarpov,1426,8
Andre Pinheiro,1426,52
Paolo Beninca,1426,7
Issam Jellali,1426,7
Romain Sichez,1426,15
Roman Kelecic,1426,5
Kirati Siributwong,1426,42
Patrick Ganet,1426,7
Luis Ignacio Morales,1426,11
Matthew Short,1426,4
Mateusz Skorek,1426,4
Yao Lun Chang,1426,7
Laurentiu Erlic,1426,36
Brad Pomeroy,1426,15
Daouda Ndiaye,1426,13
Ivan Nedelko,1426,38
Holger Zuehlsdorff Pavlovic,1426,8
Inigo Santos Fernandez,1425,5
Oliver Evans,1425,6
Yassine El Ghazi,1425,5
Mohamed Nazim Saber,1425,17
Marin Franjicevic,1425,16
Khalid Al Nabhani,1425,7
Rafael Mazon Hernandez,1425,31
Lazare Kukhalashvili,1425,42
Rok Bonin,1425,8
Marko Krickovic,1425,6
Cezar Sincan Johansson,1425,7
Ajai Selvaraj,1425,4
Krisjanis Stabins,1424,4
Renato Silveira,1424,16
Sunu Wahyu Trijati,1424,9
Jan Serdakowski,1424,4
Gilad Ben Zvi,1424,31
Cesar Bracho,1424,4
Borja Malo,1424,38
Pongsiri Niroj,1423,12
Maxime Bonami,1423,12
Elbert Sie,1423,22
Yaraslau Shyla,1423,4
Pablo Lijo Santos,1423,5
Thomas Cristian Hodel,1423,4
Shivang Mishra,1423,4
Baptiste Bayet,1422,33
Yannick Thomet,1422,12
Daniele Piludu,1422,11
N Sriram Balaji,1422,28
Aidynbek Rakhishev,1422,4
Walid Jallali,1422,23
Matt Simpson,1422,53
Felipe Ribeiro Frattini,1422,9
Jaime Pulgar Garcia,1421,4
Bogdan Buneci,1421,4
Ivan Milivojevic,1421,5
Chris Wettengel,1421,11
Aaron Leeder Chard,1421,5
Ariel Behar,1421,47
Tinashe Chikanda,1421,5
Nuri Ersin Tarim,1420,4
Vitali Reshetnikov,1420,42
Yasir Khan,1420,6
Omar Hedayet,1420,25
Dekel Valtzer,1420,33
Olivier Nkunda,1420,5
Jarmere Jenkins,1420,12
Younes Ben Abderrahman,1420,5
Oriol Hernandez Pastor,1420,10
Kevin Botti,1420,36
Tyler Hochwalt,1419,17
Ilia Shatskiy,1419,9
Giacomo Oradini,1419,5
John Hoyes,1419,7
Antoine Tassart,1419,51
Marko Sabolcki,1419,9
Mark Verryth,1419,19
Victor Kozin,1419,43
Andrei Gratian Onciu,1419,7
Florin Nedelcu,1419,5
Remko De Rijke,1419,9
Dominik Schulz,1418,5
Riccardo Marcon,1418,11
Juan Sebastian Gomez,1418,5
Soren Goritzka,1418,8
Hassan Murisho,1418,4
Dong Kyu Lee,1418,11
Fredrik Ask,1418,10
Dino Salopek,1418,13
Nikos Spyrou,1418,4
Daniel Coronado,1418,5
Burnham Arlidge,1418,53
Yuki Matsuo,1418,26
Andres Ceppo,1418,5
Jiri Krkoska,1418,57
Katsushi Fukuda,1417,6
Jack Carpenter,1417,7
Marc Auradou,1417,53
Sami Reinwein,1417,8
Albano Olivetti,1417,8
Vincent Stouff,1417,8
Manuel Mazzella,1417,5
Chandril Sood,1417,4
Ervand Gasparyan,1417,28
David Bidmeade,1417,7
Radim Urbanek,1417,13
Andre Sa,1417,6
Noam Yitzhaki,1417,20
Sami Beceren,1417,5
Zeyad Montasser,1417,6
Saar Steele,1416,23
Juan Pedro Torres,1416,17
Roberto Quiroz,1416,13
Rouzbeh Kamran,1416,9
Jean Michel Durango,1416,5
Jakub Piter,1416,5
Steven Kane,1416,5
Kosuke Naruse,1416,7
Alexander Gigitashvili,1416,5
Artem Pudovkin,1416,5
Adnan Al Mahmoud,1416,10
James Ludlow,1416,37
Akash Wagh,1415,5
Sergei Pershin,1415,9
Karim Mohamed Maamoun,1415,8
Rodrigo Rappaccioli,1415,7
Mauricio Alvarez Guzman,1415,18
Jesper Brunstrom,1414,7
Victor Maynard,1414,12
Santiago Penades Sanz,1414,18
Cesare Casali,1414,5
Artem Strunnikov,1414,5
Cristian Paiz,1414,52
Marcio Torres,1414,5
Javier Lopez Parra,1414,5
Frederico Marques,1413,9
Maniel Bains,1413,46
Sven Lalic,1413,5
Mikk Irdoja,1413,5
Vedran Begovic,1413,7
Kacper Owsian,1413,6
Charalampos Kapogiannis,1413,27
Nikola Cacic,1413,25
Valerio Carrese,1413,32
Seung Jae Lee,1413,19
Arsen Asanov,1412,13
Yevgeny Perepelov,1412,5
Hicham Khaddari,1412,5
Emanuele Molina,1412,12
Alex Bartlett,1412,8
Yew Ming Si,1412,18
Gregory Howe,1412,11
Destiny Ford Da Silva,1412,12
Zhuo Qing Zhou,1412,8
Juan Manuel Romanazzi,1412,44
Aleksandar Cvetkov,1412,28
Bruno Semenzato,1411,8
Erick Bermudez,1411,6
Andre Vidaller,1411,15
Jordan Cox,1411,23
Ciaran Moore,1411,8
Fernando Larrea Gonzalez,1411,5
Richard Johnson,1410,16
Acyr Bringel Figueiredo,1410,4
Tinotenda Chanakira,1410,6
Patrick Linke,1410,5
Genia Gamazov,1410,6
Alex Blumenberg,1410,7
Ashot Gevorgyan,1410,7
Bjorn Propst,1410,14
James Obrien,1409,10
Joan Benaiges Blasco,1409,5
Caio Silva,1409,10
Pavel Katliarov,1409,47
Omid Souri,1409,5
Javier Munoz,1409,10
Mohsen Hossein Zade,1408,5
Jair Assuncao,1408,20
Shogafur Shofayziev,1408,5
Kiarash Souri,1408,5
Patrick Frandji,1408,6
Alexander Bokov,1407,7
Pedro Scocuglia,1407,10
Antoine Hamard,1407,9
Wilson Leite,1407,9
Adem Ozmeral,1407,8
Santiago Villegas,1407,8
Giammarco Micolani,1407,12
Lance Vodicka,1407,25
Robbye Poole,1407,30
Leon Frost,1407,31
Michael Rubin,1406,25
Manuel Sanchez,1406,41
Tomislav Jotovski,1406,12
Narciso Reyes Rygh,1406,10
Ante Bilic,1406,9
Ali Ghareeb,1406,9
Jeremiah Fuller,1405,8
Mohamed Safwat,1405,42
Vitor Manzini,1405,21
Kristopher Sotiriu,1405,6
Filipe Brandao,1405,11
Shinta Fujii,1405,8
Steven Goh,1404,48
Djordjs Najdanov,1404,6
Kamala Kannan,1404,8
Santos Sanchez Patino,1404,19
Bruno Bolkmann,1404,9
Seong Yoon Chung,1404,22
Alvaro Nazal,1404,10
Andrew Lauret,1403,11
David Thurner,1403,13
Matthias Wolf,1403,10
Marin Draganja,1403,12
Riccardo Maiga,1403,6
Warut Korkiatthaworn,1403,7
Nicolas Gustavo Kauer,1403,10
Joshua Crowe,1403,67
Vladzimir Kruk,1403,14
Mario Tupy,1403,28
Ty Trombetta,1403,37
Nicolas Alejandro De Gregorio,1403,6
Walter Valarezo,1403,11
Almog Mashiach,1402,27
Isaac Frost,1402,34
Luca Rovetta,1402,17
Ashkan Dabiri,1402,10
Yasser Adel Sayed,1402,8
Christopher Lam,1402,11
El Mehdi Wasfy,1402,7
Bastian Trinker,1402,9
Luca Roshardt,1401,8
Vaja Uzakov,1401,68
Rifat Biktyakov,1401,31
Ismael Rodriguez Ramo,1400,9
Artur Romanowski,1400,30
Hendrik Coertzen,1400,21
Petar Djukic,1400,6
Alessandro Colella,1400,11
Karim Alayli,1400,24
Jared Easton,1400,25
Roberto Eduardo Ramirez,1399,46
Jose Nascimento,1399,23
Andrei Ciumac,1399,39
Claudio Rizzo,1399,5
Shendrit Deari,1399,9
Angel Alonso Campos,1399,18
Matias Castro,1399,25
David Brewer,1399,18
Danjil Braun,1398,10
Giacomo Miccini,1398,13
Giacomo Pirozzi,1398,19
Matteo Galli,1398,25
Juan Carlos Ceballos,1397,8
Joan Marc Grimal Ferrer,1397,7
Raphael Shiikuma Pfister,1397,17
Marko Pazman,1397,13
Charles Costa,1397,43
Reda Karakhi,1397,9
Mahmoud Bahaa Hamed,1397,12
Mario Cuellar Gonzalez,1397,16
Navdeep Singh,1397,39
Angel Torres,1397,15
Alexey Golovachev,1397,15
Stefano Licata,1396,16
Mohammed Mohazebnia,1396,36
Leandro Savelli,1396,28
Gabriel Dias,1396,15
Maxim Kanakov,1396,30
Marco Sattanino,1396,34
Stanislav Bykov,1396,15
Andrea Stucchi,1396,17
Tigre Hank,1395,9
Javier Herrera Eguiluz,1394,20
Marlon Oliveira,1394,13
Baris Erguden,1394,17
Gustavo Sterin,1393,14
Santiago Maccio,1393,7
Rohan Gide,1393,20
Sunil Kumar Sipaeya,1393,26
Rodrigo Sanchez,1392,11
Christopher Racz,1392,51
Augusto Laranja,1391,16
Gerald Melzer,1391,30
Michael Leong,1391,58
Leandro Ribeiro,1391,16
Lorenzo Giustino,1391,31
Joao Wiesinger,1391,51
Bertram Steinberger,1390,42
Laurent Bondaz,1390,8
Aleksandar Cucuz,1390,7
Gaston Briano,1390,7
John Mcgahon,1390,15
Guilherme Cunha,1390,7
Denis Bejtulahi,1389,20
Ytai Abougzir,1389,16
Dane Fernandez,1389,9
Caio Burjaili,1389,12
Stanislav Ichkov,1389,18
Devin Britton,1389,23
Gabriel Wanderley,1388,32
Matias Saenz,1388,38
Sat Galan,1388,28
Ilie Aurelian Giurgiu,1388,36
Roberto Rodriguez Alonso,1387,17
Dimitrios Loucareas,1387,9
Jan Blecha,1387,20
Idan Mark,1387,21
Toni Androic,1387,12
Remigio Burzio,1387,13
Vikram Reddy B,1387,16
Aleksander Vasin,1386,12
Lucas Santana,1386,13
Korneel Sanders,1386,11
Ahmad Rabeea Muhammad,1386,12
Thales Levy,1386,7
Ben Pritchard,1385,17
Jose Roberto Velasco,1385,13
Ye Dunbar,1384,14
Milos Sekulic,1384,31
Ivan Zovko,1384,27
Tushar Liberhan,1383,13
Jorge Varon,1382,12
Nikos Serkedakis,1382,9
Lofo Ramiaramanana,1382,10
Matthieu Vierin,1382,8
Alexei Grigorov,1382,17
Anil Yuksel,1382,11
Vladimir Ivanov,1382,18
Francisco Franco,1381,21
Aditya Madkekar,1381,10
Amador Romero Torres,1380,29
Grittaboon Prahmanee,1380,7
Dario Acosta,1380,11
Renato Chavez,1380,11
Eduardo Peralta Tello,1380,32
Andrei George Daraban,1380,9
Tal Eros,1380,13
Sylvain Anibie,1379,17
Petar Trendafilov,1378,13
George Khrikadze,1378,10
Vlad Stefan,1377,15
Francesco Vilardo,1377,8
Roman Kislyanskiy,1376,21
Matus Horecny,1376,15
Razlan Rawi,1376,11
Ivan Garcia Castro,1375,13
Kyle Brassington,1375,42
Philip Davydenko,1375,10
Mario Dierckx,1375,13
Tomer Hodorov,1375,23
Juan Guillermo Florez,1374,20
Anton Peskov,1374,9
Carlton Fiorentino,1373,9
Andrea Alviano,1373,20
Stefano Rodighiero,1373,13
Jeffrey Das,1373,18
Ronak Manuja,1373,24
Silvio Dadic,1372,19
Goncalo Falcao,1372,24
Sergio Galdos,1369,32
Koki Matsunaga,1367,11
Marco Bortolotti,1365,13
Serkan Akin Dilek,1365,7
Anders Lindstrom,1365,28
Francisco Carbajal,1365,30
Clifford Enosoregbe,1364,17
Marko Danis,1364,35
Abel Hernandez Aguila,1364,19
Giorgio Portaluri,1363,20
Hyun Soo Lim,1363,16
Marco Antonio Rojas,1363,19
Robert Raguz,1361,14
Marc Rath,1360,24
Andrea Aloisi,1360,10
Vlademyros Mavropoulos Stoliarenko,1359,60
Stefano Vukov,1359,18
Javier Valenzuela Gonzalez,1359,17
Adam Jaya,1359,13
Ryusei Makiguchi,1359,23
Harrison Keyser,1358,8
Ignacio Lehyt,1357,14
Davide Della Tommasina,1355,26
Stepan Khotulev,1355,21
Alexandru Daniel Carpen,1355,17
Anton Manegin,1355,30
Jose Ricardo Nunes,1354,16
Sang Woo Noh,1354,12
Erick Reyes,1354,16
Enric Guaita Pais,1353,18
Victor Nunez,1353,16
Abhijeet Tiwari,1351,22
Vittorio Rubino,1348,29
Issam Al Tawil,1348,24
Joao Victor Costa,1346,33
Andrew Fitzpatrick,1346,28
Pietro Fanucci,1345,35
Joseph Guluzian,1345,19
Alin Mihai Constantin,1344,29
Adolfo Gomez Pinter,1342,22
Hayan Maarouf,1341,14
Candy Idoko,1340,15
Tarek El Esawy,1340,24
Raul Isaias Rosas Zarur,1340,13
Jose Daniel Bendeck,1340,14
Patricio Konortoff,1339,21
Stephen Hoh,1338,23
Ko Suzuki,1336,13
I Ta Chen,1335,20
Leonel Alberti,1334,41
Nikolai Parkhomenko,1333,13
Mohamed Moussa,1327,14
Igor Rud,1321,21
Rafael Rondino,1316,13
Alexei Filenkov,1270,75
